Nombre Científico,Nombre Común
16 Sr III-B ,x disease
16SrI ,Virginia grapevine yellows I 
16SrI-A ,Grapevine yellows in Canada
16SrII-C Faba bean phyllody,
16SrIII-I ,Virginia grapevine yellows III 
16SrIII-J,
16SrIII-X,
16SrV-A Candidatus Phytoplasma ulmi,
16SrVII-A,
16SrVII-B,
16SrVII-C,
16SrXII-A ,Grapevine yellows 
16SrXII-F Bois noir ,Grapevine yellows
16SrXII-G Bois noir ,Grapevine yellows
16SrXIII-A,
16SrXIII-F,
Abortiporus biennis,
Abutilon mosaic virus,
Abutilon theophrasti ,Hoja terciopelo
Acacia longifolia,
Acalitus essigi ,Ácaro rojo de la zarzamora
Acalitus vaccinii,
Acanonicus hanni ,chinches del zapallo
Acanthoderes jaspidea ,Taladro jaspeado
Acanthoscelides obtectus ,gorgojo del poroto
Acanthoscelides zeteki,
Acanthospermum hispidum ,Torito
Aceria ficus,
Aceria mangiferae,
Aceria oleae,
Aceria sheldoni ,Ácaro de las yemas
Aceria tosichella,
Aceria tulipae ,Ácaro del ajo
Achaea janata,
Acharia trimacula,
Achryson maculatum,
Achryson surinamum,
Achryson undalatun,
Acidovorax avenae ,Estría roja
Acidovorax avenae subsp. citrulli,
Acidovorax temperans,
Acleris spp.,
Acrogonia flaveoloides ,Chicharrita
Acrolepiopsis assectella ,barrenador de la cebolla 
Acromyrmex ambiguus ,Hormiga renegrida
Acromyrmex aspersus ,Hormiga
Acromyrmex crassispinus ,Hormiga
Acromyrmex fracticornis ,Hormiga cortadora
Acromyrmex heyeri,
Acromyrmex hispidus ,Hormiga cortadora
Acromyrmex landolti ,Hormiga
Acromyrmex laticeps ,Hormiga
Acromyrmex lobicornis ,Hormiga negra del sur
Acromyrmex lundii , Hormiga negra común
Acromyrmex niger,
Acromyrmex rugosus ,Hormiga
Acromyrmex striatus ,Hormiga colorada podadora 
Acromyrmex subterraneus ,Hormiga
Acrotomopus atropunctellus ,picudo 
Actinidia chlorotic ringspot-associated virus ,AcCRaV
Actinidia citrivirus,
Actinidia virus A ,AcVA
Actinidia virus B ,AcVB
Actinote pellenea , Isoca espinosa
Aculops lycopersici ,Ácaro del bronceado del tomate
Aculus fockeui ,Eriófido del plateado del duraznero 
Aculus schlechtendali,
Acutaspis albopicta,
Acutaspis paulista ,Cochinilla gris circular del olivo
Acutaspis perseae,
Acyrthosiphon kondoi ,Pulgon azul de la alfalfa
Acyrthosiphon pisum ,Pulgon verde
Adelphocoris lineolatus,
Adoxophyes orana,
Adris tyrannus,
Aegilops cylindrica,
Aegorhinus phaleratus ,Cabrito
Aegorhinus superciliosus ,Cabrito del frambueso
Aeolothrips mexicanus,
Aeschynomene rudis,
African cassava mosaic virus,
Agalliana ensigera,
Ageratina adenophora,
Aglaope infausta,
Agonoscena targionii,
Agriotes lineatus ,Gusano alambre
Agriotes obscurus ,Agriote 
Agrius convolvuli ,Esfinge del correhuela
Agropyron streak mosaic virus ,Mosaico del Agropiro
Agrostemma githago ,Yetón 
Agrosthemna githago,
Agrotis deprivata ,gusano cogollero
Agrotis exclamationis,
Agrotis gypaetina ,Gusano pardo 
Agrotis ipsilon ,Gusano grasiento
Agrotis segetum,
Agrypnus variabilis,
Alabama argillacea ,Oruga de la hoja
Albonectria rigidiuscula,
Albugo candida ,Roya blanca de las crucíferas
Aleurocanthus spiniferus,
Aleurocanthus woglumi ,Mosca negra de los cítricos
Aleurothrixus floccosus ,Mosca blanca
Alfalfa Mosaic Virus ,AMV 
Allothrombium fuliginosum,
Alopecurus myosuroides,
Alphus bruchi,
Alstroemeria mosaic virus ,AlMV
Alternanthera philoxeroides ,Lagunilla 
Alternanthera sessilis,
Alternaria alternata ,Mancha marrón 
Alternaria alternata f. sp. Citri ,Mancha marrón 
Alternaria botrytis,
Alternaria brassicae ,Mancha foliar 
Alternaria brassicicola ,Mancha negra
Alternaria carthami ,Mancha foliar
Alternaria citri ,Alternaria
Alternaria cucumerina,
Alternaria dianthi,
Alternaria dianthicola,
Alternaria embellisia ,ajo cabeza negra
Alternaria gaisen,
Alternaria infectoria,
Alternaria japonica ,Mancha negra
Alternaria mali,
Alternaria metachromatica,
Alternaria oregonensis,
Alternaria porri ,Mancha púrpura 
Alternaria radicina ,Mancha foliar
Alternaria scrophulariae,
Alternaria solani ,Tizón temprano
Alternaria steviae,
Alternaria tenuissima,
Alternaria triticimaculans,
Alternaria triticina ,Mancha foliar por alternaria
Alternariaster helianthi ,Mancha del tallo y de la hoja 
Altica ampelophaga,
Amaranthus albus ,Yuyo bola
Amaranthus deflexus ,Bledo 
Amaranthus palmeri ,Yuyo colorado
Amaranthus quitensis ,Yuyo colorado 
Amaranthus tuberculatus,
Amaranthus viridis ,Bledo 
Ambonus interrogationis,
Ambrosia artemisiifolia,
Ambrosia psilostachya,
Ambrosia trifida,
Ammannia coccinea,
Ammi majus ,Apio cimarrón 
Ammi visnaga,
Amorbia cuneana,
Amorbia emigratella ,Enrollador de las hojas
Amorbia essigana,
Amphicerus cornutus,
Amphicranus rasilis,
Amplicephalus dubius,
Amplicephalus marginellanus,
Amsinckia intermedia,
Amyelois transitella,
Amylostereum areolatum,
Anagallis arvensis ,Anagalis 
Anarsia lineatella,
Anassa guttifera ,chinches del zapallo
Anastrepha fraterculus ,Mosca sudamericana de los frutos
Anastrepha spp. ,excepto A. fraterculus
Ancistrosoma vittigerum,
Andean potato latent virus,
Andean potato mottle virus,
Anguina agrostis,
Anguina funesta,
Anguina tritici,
Anicla ignicans,
Anicla infecta ,Cortador
Anisandrus dispar,
Anoda cristata ,Malva cimarrona 
Anomala testaceipes,
Anoplophora glabripennis ,Escarabajo asiático de cuernos largos
Anoplophora spp.,
Anoxia villosa,
Anthaxia concinna ,Cantarina
Anthemis cotula ,Manzanilla cimarrona 
Antherospora vaillantii,
Anthinus albolabiatus,
Anthonomus bisignifer,
Anthonomus eugenii,
Anthonomus grandis ,Picudo del algodonero
Anthonomus musculus,
Anthonomus pedicularis ,gorgojo 
Anthonomus pomorum,
Anthonomus pyri,
Anthonomus quadrigibbus,
Anthonomus rectirostris ,gorgojo 
Anthonomus rubi ,gorgojo 
Anthonomus signatus,
Anthonomus vestitus,
Anthostomella nitidissima,
Anthostomella palmaria,
Anthostomella puiggarii,
Anthostomella spiralis,
Anthracocystis ehrenbergii,
Anticarsia gemmatalis ,Isoca de las leguminosas
Antrodia malicola,
Antrodia serialis,
Anurogryllus muticus ,Grillo subterráneo
Aonidiella aurantii ,Cochinilla roja Australiana
Aonidiella citrina ,escama amarilla de los cítricos
Aonidiella orientalis,
Aonidomytilus albus,
Apate monachus ,Taladrador del tallo del cafeto
Apera spica-venti,
Aphanostigma jakusuiense,
Aphelenchoides besseyi,
Aphelenchoides bicaudatus,
Aphelenchoides blastophthorus,
Aphelenchoides fragariae,
Aphelenchoides ritzemabosi ,Nematodo del crisantemo
Aphelenchoides subtenuis,
Aphis craccivora ,pulgon negro de las leguminosas
Aphis fabae ,Pulgón negro de las habas 
Aphis forbesi ,Pulgón de la frutilla
Aphis frangulae,
Aphis gossypii ,Pulgón del algodón
Aphis illinoisensis ,Pulgón de la Vid  
Aphis pomi ,Pulgón verde del manzano
Aphis spiraecola ,pulgón verde
Apiomyia bergenstammi,
Apion prosopis,
Apiosporina morbosa,
Apomyelois ceratoniae ,polilla del algarrobo
Aponychus schultzi,
Apple chat fruit phytoplasma,
Apple chlorotic leaf spot virus ,ACLSV 
Apple dimple fruit viroid,
Apple green crinkle agent,
Apple mosaic virus ,ApMV 
Apple ringspot agent,
Apple rubbery wood phytoplasma ,ARW 
Apple scar skin viroid,
Apple star crack agent ,apple star crack
Apple stem grooving virus ,ASGV
Apple stem pitting virus ,ASPV 
Apricot ringpox agent,
Arabis mosaic virus,
Araecerus fasciculatus,
Aramigus tessellatus,
Araucarivora gentilli ,Larva minadora
Arceuthobium spp.,
Archips argyrospilus,
Archips breviplicanus,
Archips fuscocupreanus,
Archips podana,
Archips rosana,
Archophileurus vervex,
Arctotheca prostrata,
Argemone subfusiformis ,Cardo santo
Argentinoeme schulsi,
Argyresthia pruniella,
Argyrotaenia franciscana,
Argyrotaenia ljungiana,
Argyrotaenia loxonephes,
Argyrotaenia pomililiana,
Argyrotaenia sphaleropa,
Argyrotaenia tucumana,
Arhopalus rusticus,
Arhopalus syriacus,
Arion hortensis ,Babosa de las huertas 
Armadillidium vulgare ,Bicho Bolita
Armillaria mellea,
Aromia bungii,
Arracacha B virus ,oca strain
Artemisia verlotiorum ,Yuyo de San Vicente 
Arthrinium phaeospermum,
Arvelius albopunctatus ,Chinche verde
Ascochyta hordei,
Ascochyta hyalospora ,Mancha foliar
Aspergillus alliaceus,
Aspergillus brasiliensis ,Aspergillus en semillas de zapallo
Aspergillus flavus ,Pudrición de marzorca 
Aspergillus glaucus,
Aspergillus niger ,moho negro 
Aspergillus ochraceus,
Aspergillus parasiticus,
Aspergillus terreus,
Asphodelus fistulosus,
Asphodelus foelida,
Asphodelus tenuifolius,
Asphondylia gennadii ,Pincha flor
Asphondylia websteri ,Mosca de la alfalfa
Aspidiotus destructor,
Aspidiotus nerii ,Cochinilla blanca del olivo
Aster yellows phytoplasma ,16Srl 
Astylus antis,
Astylus atromaculatus ,Astilo moteado o siete de oro
Astylus quadrilineatus,
Asymmetrasca decedens,
Athaumastus haematicus ,Chinche roja o sanguinolienta
Athelia epiphylla,
Athelia rolfsii ,Tizón de la base del tallo o podredumbre basal 
Atherigona orientalis ,mosca menor de las frutas
Atherigona reversura ,Gusano del Tallo de la gramilla
Athetis rionegrensis,
Atta laevigata ,Hormiga cortadora
Atta sexdens ,Hormiga minera
Atta sexdens piriventris ,Hormiga
Atta sexdens rubropilosa,
Atta vollenweideri ,Hormiga isau
Aulacaspis tubercularis,
Aulacorthum circumflexum ,Pulgón de la azucena
Aulacorthum solani ,Piojo de la papa 
Aurantiporus albidus ,Pudrición blanca
Aurantiporus fissilis ,Podredumbre blanca
Austropuccinia psidii ,Roya
Autographa gamma ,Medidora
Autographa nigrisigna ,Gusano de la remolacha
Avena barbata ,Avena salvaje
Avena fatua ,Avena negra 
Avocado Sunblotch Viroid ,ASBVd 
Azolla caroliniana ,Helechito del agua
Baccharis ulicina ,Romerillo 
Bactericera cockerelli,
Bactrocera cucurbitae,
Bactrocera dorsalis,
Bactrocera spp.,
Baizongia pistaciae,
Balansia oryzae-sativae,
Banana bunchy top virus,
Banana streak virus ,Virus del rayado del banano 
Barley Stripe Mosaic Virus ,BSMV 
Barley Yellow Dwarf Virus ,BYDV 
Basiptera castainepennis,
Bassia scoparia ,Morenita
Bathytricha truncata ,Barrenador de la caña de azúcar
Bean Common Mosaic Virus ,BCMV
Bean golden mosaic virus ,mosaico dorado del poroto – BGMV
Bean pod mottle virus,
Bean rugose mosaic virus,
Bean yellow mosaic virus ,BYMV
Beet curly top virus,
Bemisia tabaci ,mosca blanca
Bemisia tabaci biotipo B ,mosca blanca del tabaco
Berkleasmium corticola,
Berkleasmium sinense,
Bidens pilosa ,Amor seco
Bidens bipinnata,
Bidens pilosa ,Saetilla 
Bidens subalternans ,Amor seco 
Bifora testiculata,
Bipolaris cactivora,
Bipolaris cynodontis,
Bipolaris papendorfii,
Bipolaris sacchari,
Bipolaris sorghicola,
Bipolaris sorokiniana ,Mancha borrosa o marrón del trigo y de la cebada 
Bipolaris victoriae ,Fusariosis de la avena
Bipolaris zeicola ,Helmintosporiosis
Bjerkandera adusta,
Blaniulus guttulatus,
Blapstinus punctulatus ,Tenebrionido del girasol 
Blastopsylla occidentalis ,Chicharrita del brote
Blitopertha orientalis ,Escarabajo asiático 
Bloxamia leucophthalma,
Blueberry leaf mottle virus,
Blueberry mosaic associated virus,
Blueberry scorch virus,
Blueberry shock virus,
Blueberry shoestring virus,
Blumeria graminis ,Oídio
Blumeriella jaapii ,Antracnosis
Boeremia diversispora,
Boeremia exigua,
Boeremia foveata,
Boerhavia diffusa ,Boevaria
Bonagota salubricola ,lagarta de los racimos
Bondarzewia guaitecasensis,
Borreria spinosa ,Botoncito blanco
Bostrichips argentinae,
Bostrichopsis uncinata,
Bostrichus vitis,
Bothynus striatellus ,Gusano blanco
Botryodiplodia pistaciae,
Botryosphaeria berengeriana f. sp. piricola,
Botryosphaeria dothidea,
Botryosphaeria obtusa ,Cancros
Botryosphaeria ribis ,Cancro
Botryosphaeria stevensii,
Botryotinia fuckeliana ,Podredumbre gris
Botryotinia squamosa ,Tizón
Botrytis allii ,Podredumbre del cuello
Botrytis cinerea ,Podredumbre gris
Botrytis fabae,
Botrytis tulipae,
Bowlesia incana ,Perejilillo 
Brachiaria paspaloides,
Brachiaria platyphylla,
Brachycaudus helichrysi ,Pulgón verde del ciruelo
Brachycaudus persicae ,Pulgón negro del duraznero
Brachycaudus schwartzi ,Pulgón pardo del duraznero
Brachycerus spp.,
Brachysporiella gayana,
Brachysternus prasinus ,Pololo verde grande 
Bradybaena despecta ,Caracol redondo coreano
Bradybaena similaris ,Caracol asiático  
Brasilianus lacardiairei,
Brasilianus murinus,
Brassica rapa ,Nabo silvestre 
Brassica tournefortii,
Bremia lactucae ,Mildiu o “downy mildew”
Brenneria nigrifluens,
Brenneria rubrifaciens,
Brenneria salicis,
Brevicoryne brassicae ,Pulgón del repollo
Brevipalpus californicus ,Citrus flat mite
Brevipalpus chilensis,
Brevipalpus essigi,
Brevipalpus lewisi,
Brevipalpus obovatus ,Ácaro de la lepra explosiva 
Brevipalpus phoenicis ,Ácaro de la lepra explosiva
Brevipalpus russulus,
Broad bean mottle virus,
Broad bean necrosis virus,
Broad bean true mosaic virus,
Broad bean wilt virus 1,
Broad bean wilt virus 2,
Bromus catarthicus ,Cebadilla criolla 
Bromus rigidus,
Bromus sterilis,
Bruches bicoloripes,
Bruchidius quinqueguttatus,
Bruchidius spp.,
Bruchophagus gibbus ,Avispita del trébol
Bruchophagus roddi,
Bruchus affinis ,Gorgojo de las Habas
Bruchus emarginatus,
Bruchus ervi,
Bruchus lentis,
Bruchus pisorum ,Gorgojo
Bruchus tristis,
Bryobia rubrioculus ,Arañuela parda
Bulimulus bonariensis ,Bulimulus
Bulimulus fourmiersi ,Bulimulus
Burkholderia andropogonis ,Rayado foliar
Burkholderia caryophylli,
Burkholderia gladioli pv. alliicola ,Podredumbre blanda en cebolla
Burkholderia glumae,
Bursaphelenchus xylophilus,
Butlerelfia eustacei,
Byssosphaeria schiedermayeriana,
Cacoecimorpha pronubana ,Oruga del Clavel
Cacopsylla bidens,
Cacopsylla pyri,
Cacopsylla pyricola,
Cacopsylla pyrisuga,
Cacoscelis melanoptera,
Cactodera cacti,
Cactus virus X,
Cadophora gregata ,Podredumbre marrón del tallo
Cadra cautella,
Caeporis stigmula ,Vaquita de los repollos 
Caespitotheca forestalis,
Caladium Virus X,
Caldariomyces fumago,
Caliothrips phaseoli ,Trips del poroto
Caliroa cerasi ,Babosita del peral
Callaphis juglandis ,pulgón grande del nogal
Callia pulchra,
Callidiellum rufipenne ,Escarabajo japonés 
Callipogon armillatus,
Callosobruchus analis,
Callosobruchus chinensis ,Picudo del Caupí 
Callosobruchus maculatus,
Callosobruchus phaseoli ,Gorgojo del frijol
Callosobruchus theobromae,
Calonectria ilicicola ,Cylindrocladium black rot
Calonectria morganii ,Mancha foliar
Calophoma complanata,
Calycomyza platyptera,
Camarosporium dalmaticum ,Escudete de la aceituna
Candidatus Liberibacter africanus ,Huanglongbing 
Candidatus Liberibacter americanus ,Huanglongbing 
Candidatus Liberibacter asiaticus ,Huanglongbing 
Candidatus Liberibacter solanacearum ,zebra chip disease 
Candidatus Phytoplasma aurantifolia ,Witches-broom phytoplasma
Candidatus Phytoplasma australiense 16SrXII-B ,Australian grapevine yellows 
Candidatus Phytoplasma fraxini,
Candidatus Phytoplasma mali ,Apple proliferation phytoplasma
Candidatus Phytoplasma pyri ,Pear decline phytoplasma
Candidatus Phytoplasma solani 16SrXII-A ,Grapevine bois noir phytoplasma 
Cannonia australis,
Capitophorus elaeagni ,Pulgón verde del cártamo  
Capitophorus hippophaes,
Capnodis tenebrionis,
Capnodium citri,
Capsella bursa pastoris ,Bolsa de pastor 
Carduus acanthoides ,Falso cardo negro
Carduus thoermeri ,Cardo pendiente 
Carnation etched ring virus ,CERV
Carnation latent virus ,CLV
Carnation mottle virus ,CarMV
Carnation necrotic fleck virus,
Carnation ringspot virus,
Carnation vein mottle virus ,CVMV
Carpophilus dimidiatus ,Gorgojo minador del Maíz 
Carpophilus hemipterus ,gorgojo de la fruta seca
Carpophilus humeralis,
Carpophilus mutilatus,
Carposina niponensis,
Carposina sasakii,
Carrichtera annua,
Caryedon serratus,
Castniomera humboldti ,Gusano tornillo
Cathartus quadricollis ,Gorgojo cuello
Catocala actaea,
Catocephala lauta ,Bicho quemador de Río Negro
Cauliflower mosaic virus ,CaMV 
Cavariella aegopodii ,Pulgón de las umbeliferas
Celerio lineata,
Cenchrus brownii,
Cenchrus echinatus ,Cadillo 
Cenchrus incertus ,Roseta 
Cenopalpus pulcher ,Arañuela chata 
Centaurea solstitialis ,Abrepuño amarillo 
Cephalosporium sacchari ,Cephalosporium
Cephisus siccifolius ,Chicharrita de la espuma
Ceratitis capitata ,Mosca Mediterránea de los frutos
Ceratitis spp. ,excepto C. capitata
Ceratocystis fagacearum,
Ceratocystis fimbriata ,Mal de machete
Ceratocystis ips,
Ceratocystis paradoxa ,Enfermedad de la piña
Ceratocystis pilifera,
Cercospora beticola , cercosporiosis
Cercospora canescens,
Cercospora eucalypti,
Cercospora foeniculi,
Cercospora fusca,
Cercospora insulana,
Cercospora kikuchii ,Tizón de la hoja y mancha púrpura de la semilla
Cercospora lactucae-sativae ,mancha de la hoja
Cercospora longipes ,Mancha foliar
Cercospora malkoffii,
Cercospora medicaginis,
Cercospora nicotianae ,Viruela 
Cercospora phaseoli ,Mancha foliar de Cercospora 
Cercospora sojina ,Mancha ojo de rana
Cercospora sorghi,
Cercospora zeae-maydis ,Mancha gris 
Cereal yellow dwarf virus ,CYDV - RPV
Ceresa alta,
Ceresa brunnicornis ,Chicharrita de la Alfalfa
Cernuella neglecta ,Caracol de las dunas
Cernuella virgata ,Caracol blanco del viñedo 
Ceroplastes albolineatus,
Ceroplastes ceriferus,
Ceroplastes destructor,
Ceroplastes feltyi,
Ceroplastes floridensis ,Cochinilla perla 
Ceroplastes grandis ,Cochinilla cerosa
Ceroplastes japonicus,
Ceroplastes rubens,
Ceroplastes rusci ,Cochinilla de la higuera 
Ceroplastes stellifer,
Cerrena unicolor ,Pudrición blanca
Cestrum parqui ,Duraznillo negro 
Chaetanaphothrips orchidii ,Trips de las orquídeas
Chaetocnema confinis,
Chaetomium globosum,
Chaetopsina fulva,
Chaetosiphon fragaefolii ,Pulgón amarillo de la frutilla
Chaetosiphon minor,
Chaetosiphon thomasi,
Chaetospermum camelliae,
Chaitophorus leucomelas ,Pulgón verde del álamo
Chalcodermus niger ,Podador del algodón
Chauliognathus scriptus ,Escarabajo escrito 
Chenoderus testaceus ,Taladro testáceo
Chenopodium album ,Quinoa
Chenopodium strictum,
Cherry leaf roll virus,
Cherry necrotic rusty mottle virus,
Cherry rasp leaf virus,
Cherry rusty mottle associated virus,
Chilecomadia valdiviana ,Gusano carpintero del ñire
Chinavia hilaris,
Chloridea subflexa,
Chloridea virescens ,gusano cogollero
Chloris virgata ,Pasto borla
Choanephora cucurbitarum ,Tizon de las flores 
Chondrilla juncea ,Yuyo esqueleto
Chondrostereum purpureum ,Plateado de la hoja
Chonosia cinnabarina ,Chicharra de la vid 
Choristoneura occidentalis,
Choristoneura rosaceana ,Enrrollador de hojas de bandas oblicuas
Chorizagrotis auxiliaris,
Chromaphis juglandicola ,pulgón amarillo del nogal 
Chromatomyia syngenesiae,
Chrysobothris mali,
Chrysodeixis eriosoma,
Chrysodina cuprescens ,Vaquita verde brillante
Chrysomphalus aonidum ,Cochinilla negra circular 
Chrysomphalus dictyospermi ,Cochinilla roja común
Chrysomyxa arctostaphyli,
Chrysopharta muisfuscum,
Chrysoporthe cubensis,
Chymomyza amoena,
Ciborinia allii,
Ciminius platensis ,Chicharrita
Cinara atlantica ,Pulgón del Pino
Cinara maghrebica,
Cinara maritimae,
Cinara pini,
Cinara pinivora,
Circinotrichum olivaceum,
Cirsium arvense,
Cirsium badakhschianicum,
Cirsium vulgare ,Cardo negro 
Cirsium vulgare subsp. crinitum,
Citrus bent leaf viroid,
Citrus dwarfing viroid ,CDVd
Citrus Exocortis Viroid ,CEVd 
Citrus impietratura agent,
Citrus leaf blotch virus ,CLRV
Citrus leaf rugose virus ,CiLRV
Citrus leprosis virus ,CiLV 
Citrus Psorosis Virus ,CPsV 
Citrus tatter leaf virus ,CTLV
Citrus Tristeza Virus ,CTV 
Citrus variegation virus ,CVV
Citrus vein enation virus ,CVEV
Citrus yellow mosaic virus ,CiYMV
Cladosporium chubutense,
Cladosporium cladosporioides ,Marchitamiento de arveja
Cladosporium cucumerinum,
Cladosporium herbarum,
Cladosporium pini-ponderosae,
Claussenomyces atrovirens,
Clavibacter michiganensis subsp. insidiosus,
Clavibacter michiganensis subsp. michiganensis ,Cancro bacteriano
Clavibacter michiganensis subsp. nebraskensis,
Clavibacter michiganensis subsp. sepedonicus,
Claviceps paspali,
Claviceps purpurea ,Ergot 
Clematis montevidensis ,Barba de chivo
Cleome viscosa,
Clitocybe melliolens,
Clover yellow mosaic virus,
Clover yellow vein virus,
Clytra longimana,
Cnephasia jactatana,
Coccostromopsis palmicola,
Coccus hesperidum ,Cochinilla blanda 
Coccus perlatus ,Cochinilla del Delta 
Coccus viridis ,Escama verde de los cítricos
Cochlicella acuta ,Caracol cónico 
Cochliobolus geniculatus,
Cochliobolus heterostrophus ,Tizón de la hoja
Cochliobolus lunatus ,mancha de curvularia 
Cochliobolus miyabeanus ,Mancha marrón
Cochliobolus nodulosus,
Cochliobolus stenospilus ,Raya parda en caña de azucar
Coconut cadang-cadang viroid,
Colaspis bridarollii,
Colaspis hypochlora,
Colaspis submetallica ,Escarabajo del fruto
Colaspis varia ,Vaquita de las flores
Colaspoides vulgata ,Vaquita defoliadora
Coleosporium ipomoeae,
Coleostephus myconis,
Colias lesbia ,Isoca de la alfalfa 
Collaria scenica,
Colletotrichum acutatum ,Antracnosis de los cítricos 
Colletotrichum capsici,
Colletotrichum circinans ,Tizne
Colletotrichum coccodes ,Antracnosis
Colletotrichum coffeanum var. virulans,
Colletotrichum dematium,
Colletotrichum fragariae,
Colletotrichum gloeosporioides,
Colletotrichum gossypii var. cephalosporioides ,Ramulosis o superbrotamiento del algodonero
Colletotrichum graminicola ,Antracnosis
Colletotrichum higginsianum ,Antacnosis de la col
Colletotrichum lindemuthianum ,antracnosis
Colletotrichum musae ,Antracnosis del fruto de banano
Colletotrichum sublineolum,
Colletotrichum trifolii,
Colletotrichum truncatum ,Antracnosis
Colomerus vitis ,Erinosis de la vid
Coltricia cinnamomea,
Columba livia ,Paloma casera 
Columba maculosa ,Paloma cenicienta 
Columba picazuro ,Paloma turca 
Commelina benghalensis ,Flor de Santa Lucía 
Commelina difusa ,Santa Lucía
Commelina erecta ,Flor de Santa Lucía 
Compsibidion circunflexum,
Compsibidion fairmairei,
Compsocerus violaceus ,taladro rojo
Coniella diplodiella,
Coniella fragariae,
Coniella granati,
Coniothyrium zuluense,
Conoderus rufangulus,
Conoderus scalaris ,Gusano alambre 
Conoderus stigmosus,
Conogethes punctiferalis,
Conopomorpha sinensis,
Conotrachelus aguacatae,
Conotrachelus denieri ,Mochito 
Conotrachelus nenuphar,
Conotrachelus perseae,
Contarinia texana ,Mosquito de la Goma Guar
Convolvulus arvensis ,Enredadera perenne
Conyza bonariensis ,rama negra
Conyza sumatris,
Copitarsia consueta ,muque de la papa 
Copitarsia decolora,
Copitarsia incomoda,
Copitarsia naenioides,
Copitarsia turbata ,Gusano cortador
Copturus aguacatae,
Copturus constrictus,
Coraliomela quadrimaculata ,Vaquita de las palmeras 
Corchorus aestuans,
Corcyra cephalonica,
Coriolopsis gallica ,Pudrición blanca
Cornitermes snyderi,
Corthylocurus vernaculus,
Corthylus convexicauda,
Corticium koleroga ,Mal de la Tela
Corticium salmonicolor ,Mal rosado del cafeto
Corynespora cassiicola ,Mancha anillada
Corynespora torulosa ,Podredumbre negra de las puntas
Cosmopolites sordidus ,Picudo negro del banano
Cosmosoma auge,
Cossus cossus,
Costelytra zealandica,
Cotinis nitida ,Mayate verde de los frutos 
Cotton leafroll bushy virus ,CLRBV
Cotton leafroll dwarf virus ,CLRDV 
Cowpea aphid-borne mosaic virus ,CABMV
Cowpea chlorotic mottle virus,
Cowpea mild mottle virus ,CpMMV
Craspedochaeta punctipennis,
Crassocephalum crepidioides,
Cratosomus flavofasciatus ,Taladro de los cítricos
Crepis setosa ,Radicheta amarilla 
Crepis tectorum,
Criconema duplicivestitum,
Criconema mutabile,
Criconemella curvata,
Criconemella douceti,
Criconemella ornata,
Criconemella peruensiformis,
Criconemella ritteri,
Criconemella sphaerocephala,
Criconemella talensis,
Criconemella xenoplax,
Crioceris spp.,
Criodion angustatum,
Criodon angustatum,
Crisicoccus matsumotoi,
Cronartium spp.,
Croton Palustris,
Cryphonectria parasitica,
Cryptoblabes gnidiella ,Taladro del fruto
Cryptocarenus diadematus,
Cryptocarenus heveae,
Cryptocarenus schaufussi,
Cryptocarenus seriatus,
Cryptolestes ferrugineus ,Gorgojo plano
Cryptolestes pusilloides ,Gorgojo plano de los granos
Cryptomphalus aspersus ,caracol común de jardín 
Cryptomyzus ballotae,
Cryptophlebia ombrodelta,
Cryptorhynchus lapathi,
Cryptosporiopsis eucalypti,
Cryptotermes brevis ,Polilla de la madera
Ctenarytaina eucalypti ,Psílido del eucalipto
Ctenarytaina spatulata ,Psílido del eucalipto
Ctenopseustis obliquana,
Ctenopseustis serrana,
Cucumber green mottle mosaic virus ,Virus del Mosaico Verde moteado del Pepino
Cucumber Mosaic Virus ,CMV 
Cucumber necrosis virus ,CNV
Cucumber vein yellowing virus,
Cucumis anguria ,Pepino cimarrón 
Cucurbit yellow stunting disorder virus,
Cucurbita maxima ssp. andreana ,Zapallito amargo
Curtara samera,
Curtobacterium flaccumfaciens pv. flaccumfaciens,
Curvularia australiensis,
Curvularia cymbopogonis,
Curvularia inaequalis,
Curvularia intermedia,
Curvularia lunata,
Curvularia oryzae,
Curvularia spicifera ,mancha negra 
Curvularia trifolii,
Curvularia uncinata,
Curvularia verruculosa,
Cuscuta campestris ,Cuscuta
Cuscuta epithymum ,Cuscuta
Cyanoliceus patagonus ,Loro barranquero
Cyclaneusma minus ,Tizon cancrosis marchitamiento vascular 
Cyclaneusma niveum,
Cyclocephala signaticollis ,Cascarudo rubio 
Cyclodontina guarani,
Cyclospermum leptophyllum ,Apio cimarrón
Cydia fabivora,
Cydia nigricana,
Cydia pomonella ,Carpocapsa
Cydia spp.,excepto C. pomonella y C. molesta
Cylindrocarpon destructans ,Pudrición del cuello y de raíces
Cymbidium mosaic virus,
Cynodon dactylon ,Gramón
Cynodon hirsutus ,Gramilla mansa
Cyperus corymbosus var. subnodosus,
Cyperus difformis ,Cebollín
Cyperus esculentus ,Horchata
Cyperus ferax,
Cyperus iria,
Cyperus laxus,
Cyperus luzulae,
Cyperus luzulae var. entrerrianus,
Cyperus odoratus ,totorilla
Cyperus pohlii,
Cyperus rigens,
Cyperus rotundus ,Cebollín
Cyphometopus marmoratus ,Capacho gris del pino
Cytospora eucalyptina,
Cytospora sacchari ,Pudricion de las vainas
Cytosporina citriperda,
Dactuliochaeta glycines,
Dactylonectria macrodidyma,
Dactylospora stygia,
Dacus spp.,
Dalbulus maidis,
Damasonium minus,
Dasheen Mosaic Virus,
Dasineura mali,
Dasineura pyri,
Datura ferox ,Chamico 
Datura stramonium,
Daucus pusillus ,Zanahoria silvestre
Davidiella allii-cepae ,Mancha blanca
Davisomycella fragilis,
Delia antiqua ,Mosca de los bulbos
Delia platura ,Mosca de la semilla 
Delia punctipennis ,gusano o mosca punteada del zapallo
Delia sanctijacobi ,mosca
Delphacodes kuscheli ,Vector del mal de Río cuarto
Deltosoma xerophila,
Demodema bonariensis ,Gusano blanco
Dendroctonus spp.,
Dendrolimus spectabilis,
Dendrolimus superans,
Dendrolimus superans sibiricus,
Deois flavopicta,
Dermestes argentinus,
Dermestes patagoniensis,
Deroceras laeve ,Babosa gris chica
Deroceras reticulatum ,Babosa gris grande 
Dersagrena subfoveolata ,Chinche del cártamo
Desarmillaria tabescens,
Descurainia erodiifolia ,Altamisa colorada 
Desmia ploralis,
Desmia ufeus,
Diabrotica balteata,
Diabrotica significata ,Vaquita
Diabrotica speciosa ,Vaquita de San Antonio
Diabrotica virgifera virgifera,
Dialeurodes citrifolii ,Mosca blanca de los citrus 
Diaphania hyalinata,
Diaphania nitidalis,
Diaphorina citri ,Psílido asiático de los citrus
Diaporthe caulivora ,Cancro del tallo de la soja
Diaporthe citri ,Melanosis de los cítricos
Diaporthe meridionalis ,Cancro del tallo de la soja
Diaporthe phaseolorum var. sojae ,Tizón de la vaina y el tallo y prodredumbre de la semilla por phomopsis
Diaprepes abbreviatus,
Diaspidiotus ancylus,
Diaspidiotus ostreaeformis ,Cochinilla ostreiforme 
Diaspis boisduvalii ,Boisduval scale 
Diaspis bromeliae,
Diaspis coccois,
Diatraea dyari ,Barrenador del tallo
Diatraea rufescens,
Diatraea saccharalis ,Barrenador del tallo
Diatrypella favacea,
Dichelops furcatus ,Chinche marrón 
Dichotomophthoropsis safeeulaensis,
Dichroplus elongatus ,Tucura de los alfalfares
Dichroplus maculipennis ,Tucura de alas manchadas
Dichroplus punctulatus,
Dickeya chrysanthemi,
Dickeya dadantii subsp. dieffenbachiae,
Dickeya dianthicola,
Dickeya zeae,
Dicranotropis fuscoterminata,
Dictyosporium cocophylum,
Dictyosporium zeylanicum,
Didymella applanata,
Didymella bryoniae ,podredumbre negra de las cucurbitaceas
Didymella curtisii,
Didymella lentis ,Antracnosis
Didymella maydis,
Didymella pisi ,Antracnosis
Didymella zeae-maydis,
Diedrocephala bimaculata,
Diedrocephala variegata ,Chicharrita
Digitaria insularis ,Pasto amargo
Digitaria longiflora,
Digitaria sanguinalis ,Pasto cuaresma
Dihamaphora bruchi,
Diloboderus abderus ,Bicho torito 
Dilobopterus costalimai ,Chicharrita
Dinoderus bifoveolatus,
Dioryctria abiatella,
Dioryctria amatella,
Dioryctria spp.,
Diplocarpon earlianum,
Diplocarpon mespili,
Diplocarpon rosae ,Mancha negra
Diploschema rotundicolle ,Taladro de los cítricos
Diplotaxis tenuifolia ,Flor amarilla 
Dipodascus reessii ,Podredumbre agria
Dirocoremia bruchi,
Discostroma corticola,
Disonycha conjuncta ,Vaquita listada
Disonychodes exclamationis ,Vaquita verde de franjas negras 
Distichlis scoparia ,Pelo de chancho 
Ditrymacus athiasellus,
Ditula angustiorana,
Ditylenchus aequalis,
Ditylenchus africanus,
Ditylenchus angustus,
Ditylenchus destructor,
Ditylenchus dipsaci - raza alfalfa ,Nematodo de los tallos y bulbos
Ditylenchus dipsaci - raza cebolla ,nematodo del tallo  
Ditylenchus dipsaci - raza papa,
Ditylenchus emus,
Diuraphis noxia ,Pulgón ruso
Dorcacerus barbatus,
Dothichiza caroliniana,
Dothistroma septosporum ,Banda roja
Drechslera avenacea,
Drechslera siccans,
Drepanopeziza populorum,
Drepanopeziza sphaeroides ,Antracnosis del sauce
Drepanothrips reuteri ,Trips de la vid
Drosophila suzukii ,Drosofíla de ala manchada 
Drymaeus interpunctus,
Drymaeus papyraceus,
Drymaeus poecilus,
Duplachionaspis spp.,
Duplaspidiotus koehleri ,cochinilla lineal
Duponchelia fovealis,
Dysaphis apiifolia ,Pulgón del Perejil
Dysaphis aucupariae,
Dysaphis plantaginea,
Dysaphis tulipae ,Pulgón del tulipán
Dyscinetus gagates ,Escarabajo negro
Dyscinetus planatus,
Dysdercus albofasciatus ,Chinche 
Dysdercus chaquensis ,chinche tintorea
Dysdercus ruficollis,
Dysmicoccus brevipes ,Cochinilla harinosa
Dysmicoccus cryptus ,Cochinilla Harinosa
Dysmicoccus neobrevipes,
Dysmicoccus wistariae,
Dyspessa ulula,
Dysphania pumilio ,Paiquito
Eacles ducalis,
Earias insulana,
Earias vittella ,Gusano moteado 
Eburia quadrilineata,
Eburodacrys vittata,
Ecdytolopha aurantianum ,Polilla de la naranja
Echinochloa colona ,Pasto colorado 
Echinochloa crusgalli ,Capín arroz
Echinochloa oryzoides,
Echinodorus grandiflorus ,Cucharero
Echinops ritro subsp. ruthenicus,
Echium plantagineum ,Flor morada
Eclipta prostata,
Ectomyelois ceratoniae,
Edessa meditabunda ,Alquiche chico
Edessa rufomarginata ,alquiche grande
Edwardsiana crataegi,
Edwardsiana froggatti ,Chicharrita 
Eichhornia crassipes,
Eichornia azurea ,camalote
Elaphria nucicolora,
Elasmopalpus lignosellus ,Barrenador menor del maíz 
Eleocharis bonariensis ,cortadera
Eleocharis haumanniana,
Eleusine indica ,Grama carraspera 
Elsinoë ampelina ,Antracnosis
Elsinoë australis ,Sarna del Naranjo Dulce 
Elsinoë fawcetti ,Sarna de los Cítricos 
Elsinoe perseae ,Sarna del Palto 
Elsinoë rosarum,
Elytrigia repens ,Agropiro invasor
Emex australis,
Emilia sonchifolia,
Empoasca decipiens,
Empoasca fabae ,Chicharrita
Empoasca kraemeri ,chicharrita o cotorrita verde
Enarmonia formosana,
Encarsia berlesei,
Endocalyx cinctus,
Endocalyx melanoxanthus,
Enterobacter cloacae,
Entyloma oryzae,
Enyo lugubris,
Eotetranychus carpini,
Eotetranychus pruni,
Eotetranychus sexmaculatus,
Eotetranychus willamettei,
Ephestia elutella,
Ephestia kuehniella,
Ephysteris promptella,
Epicaerus cognatus,
Epicauta adspersa ,Bicho moro
Epicauta atomaria ,Falso bicho moro
Epicauta langei,
Epicauta leopardina ,Bicho moro
Epichoristodes acerbella ,Minador sudafricano del clavel
Epichrysocharis burwelli ,La avispa del eucalipto citriodora
Epicoccum nigrum,
Epicoccum sorghinum,
Epidiaspis leperii ,cochinilla roja del peral 
Epilachna paenulata ,Vaquita de los melones
Epilachna varivestis,
Epilobium tetragonum,
Epinotia aporema ,Barrenador del brote
Epiphyas postvittana,
Epitrimerus pyri,
Epitrix argentinensis ,pulguilla
Epitrix cucumeris ,Pulguilla negra
Epitrix fasciata ,pulguilla
Epitrix hirtipennis ,Pulga morena del tabaco
Epitrix tuberis,
Eragrostis plana,
Eragrostis tenella,
Eremothecium coryli,
Erigeron canadensis,
Eriococcus leguminicola,
Erionota thrax,
Eriophyes erineus ,eriofido del nogal 
Eriophyes pyri ,Ácaro de la yema del peral
Eriosoma lanigerum ,Pulgón lanígero del manzano
Eriosoma lanuginosum ,Pulgón lanígero del peral
Ernakulamia cochinensis,
Ernobius spp.,
Erodium cicutarium ,Alfilerillo 
Erwinia amylovora ,Fuego bacteriano 
Erwinia ixiae,
Erwinia nigrifluens,
Erwinia psidii ,Tizón apical
Erwinia pyrifoliae,
Erwinia rhapontici,
Erwinia rubrifaciens,
Erwinia tracheiphila,
Eryngium cabrerae,
Eryphus laetus,
Erysiphe betae ,Oídio 
Erysiphe diffusa ,Oídio
Erysiphe graminis f.sp. tritici,
Erysiphe heraclei ,Oidio
Erysiphe necator ,Oídio
Erysiphe penicillata,
Erysiphe pisi ,Septoriosis
Erysiphe polygoni ,Oidio
Erysiphe trifolii,
Eschatocerus acaciae,
Essigella californica,
Etiella zinckenella,
Eucalymnatus tessellatus,
Eucarazzia elegans,
Euchroma gigantea goliath,
Euchrysops cnejus,
Eudocima fullonia,
Eudocima salaminia,
Eudromia elegans ,Martineta 
Euetheola humilis ,Cascarudo negro 
Eulachnus rileyi ,Afido
Eulecanium tiliae,
Eumargarodes laingi,
Eumerus strigatus ,Mosca de los bulbos 
Eumerus tuberculatus ,Mosca de bulbos menores
Eumorpha analis ,Esfíngido de la vid
Eumorpha anchemolus,
Eumorpha fasciatus,
Eumorpha labruscae ,Esfíngido de la vid 
Eumorpha vitis,
Euoidium chrysanthemi,
Euphorbia davidii ,Lecherón
Euphorbia dentata ,Lecherón 
Euphorbia esula,
Euphorbia helioscopia,
Euphorbia heterophylla ,Lecherón
Euphorbia mosaic virus ,EuMV
Euphorbia papillosa ,Lechosa 
Euphorbia serpens ,Santa María yuyo 
Euphyllura olivina,
Eupoecilia ambiguella,
Euproctis chrysorrhoea,
Eurysacca media ,Microlepidóptero
Eurysacca melanocampta ,Polilla de la quinua
Euscepes postfasciatus,
Euschistus heros ,Chinche marrón
Eutetranychus banksi ,Ácaro de Texas 
Eutetranychus orientalis,
Eutinobothrus brasiliensis ,Broca 
Eutypa lata ,Pudricion
Euwallacea fornicatus,
Euxoa bilitura ,Oruga cortadora
Euzophera semifuneralis,
Exserohilum monoceras,
Exserohilum turcicum ,Tizón de la hoja
Faronta albilinea ,Oruga desgranadora
Faustinus cubae ,Gusano minador del tabaco
Feltia malefida ,Gusano áspero
Feltia subterranea ,Gusano graneado
Ferrisia malvastra,
Ferrisia virgata,
Fiji disease virus,
Fimbristylis littoralis,
Fiorinia fioriniae,
Fistulina antarctica ,Podredumbre castaña
Fistulina hepatica ,Pudrición castaña
Fitoplasma ArAWB ,Escoba de Bruja
Flaveria bidentis ,Valda
Fomes chaquensis,
Fomitopsis palustris,
Frankliniella australis ,Trips negro de las flores
Frankliniella brevicaulis,
Frankliniella bruneri,
Frankliniella cephalica,
Frankliniella chamulae,
Frankliniella difficilis,
Frankliniella frumenti ,Trips del cogollo
Frankliniella gemina ,trips
Frankliniella intonsa,
Frankliniella minor,
Frankliniella occidentalis ,Trips de las flores
Frankliniella parvula,
Frankliniella rodeos ,Trips de los cítricos
Frankliniella schultzei ,Trips
Frequenamia spiniventris,
Froggattia olivinia,
Fumago salicina,
Fumaria officinalis ,Fumaria
Fusarium acuminatum ,Podredumbre húmeda de zapallos poscosecha 
Fusarium anthophilum,
Fusarium arthrosporioides,
Fusarium blasticola,
Fusarium camptoceras,
Fusarium crassistipitatum ,Síndrome de la muerte súbita
Fusarium culmorum ,Fusariosis
Fusarium elongatum,
Fusarium equiseti,
Fusarium fujikuroi ,Marchitamiento del tallo y podredumbre basal
Fusarium graminearum ,Podredumbre humeda en Zapallo 
Fusarium incarnatum,
Fusarium moniliforme f. sp. subglutinans,
Fusarium neocosmosporiellum,
Fusarium oxysporum ,Podredumbre basal 
Fusarium oxysporum f. pisi ,Fusariosis
Fusarium oxysporum f. sp. betae,
Fusarium oxysporum f. sp. carthami ,Marchitamiento en cártamo 
Fusarium oxysporum f. sp. cepae ,Podredumbre blanda
Fusarium oxysporum f. sp. coriandrii,
Fusarium oxysporum f. sp. cumini,
Fusarium oxysporum f. sp. fragariae,
Fusarium oxysporum f. sp. lactucae,
Fusarium oxysporum f. sp. lentis ,Fusariosis vascular de la lenteja
Fusarium oxysporum f. sp. lycopersici ,Fusariosis del tomate
Fusarium oxysporum f. sp. medicaginis,
Fusarium oxysporum f. sp. raphani,
Fusarium oxysporum f.sp. ciceris ,Fusariosis
Fusarium oxysporum f.sp. conglutinans ,Marchitamiento
Fusarium oxysporum f.sp. cubense,
Fusarium oxysporum f.sp. cucumerinum ,Fusariosis del pepino
Fusarium oxysporum f.sp. gladioli,
Fusarium oxysporum f.sp. lactucum ,podredumbre
Fusarium oxysporum f.sp. lilii,
Fusarium oxysporum f.sp. lini,
Fusarium oxysporum f.sp. narcissi,
Fusarium oxysporum f.sp. phaseoli,
Fusarium oxysporum f.sp. vasinfectum ,Marchitamiento por Fusarium o Fusariosis 
Fusarium pallidoroseum ,Fusarium en semilla de arveja 
Fusarium poae,
Fusarium proliferatum,
Fusarium reticulatum ,Podredumbre húmeda en zapallo
Fusarium sacchari,
Fusarium solani ,Pudrición 
Fusarium solani f.sp. cucurbitae ,Podredumbre de raíz y cuello en zapallo
Fusarium sporotrichioides,
Fusicladium effusum ,Sarna del pecan 
Fusicladium oleagineum ,Ojo de pavo 
Fusicoccum putrefaciens,
Gaeumannomyces graminis var. graminis ,podredumbre de las vainas del cuello o del pie – pietín
Gaeumannomyces graminis var. tritici ,Pietín 
Gaillardia megapotamica ,Yerba de San José 
Galgupha flavobisignata ,chinche
Galinsoga parviflora ,Albahaca silvestre 
Galium aparine ,Lengua de gato 
Gamochaeta calviceps ,Pasto de Santa Rosa 
Gamochaeta pensylvanica ,Algodonosa 
Gamochaeta simplicicaulis ,Peludilla
Ganoderma applanatum ,Caries blanca 
Ganoderma australe,
Ganoderma resinaceum ,Podredumbre blanca
Gargaphia bergi ,Mosquilla del Girasol
Gargaphia torresi ,mosquilla del poroto - chinche
Garlic decline phytoplasma ,GDIII 
Garlic mite borne filamentous virus ,GarMbFV
Garlic virus A ,GarV-A
Garlic virus B ,GarV-B
Garlic virus C ,GarV-C
Garlic virus D ,GarV-D
Gelatinosporium pinicola,
Gelechiidae indeterminado,
Geniocremnus chiliensis,
Geoica lucifuga,
Geosmithia morbida,
Gibberella avenacea,
Gibberella circinata ,Cancro resinoso de los pinos
Gibberella gordonii ,Marchitez por fusarium
Gibberella intricans ,Fusarium en semilla 
Gibberella pulicaris,
Globisporangium debaryanum ,pie negro
Globisporangium irregulare ,podredumbre vascular 
Globisporangium rostratum,
Globisporangium spinosum,
Globisporangium splendens,
Globisporangium ultimum ,pie negro
Globodera pallida,
Globodera rostochiensis,
Globodera tabacum ,Nematodo de quiste del tabaco
Gloeocercospora sorghi,
Gloeophyllum sepiarium,
Gloeosporium malicorticis,
Gloeosporium orbiculare ,antracnosis
Gloeosporium perenne,
Glomerella acutata ,Antracnosis
Glomerella graminicola ,Antracnosis
Glomerella musarum,
Glomerella tucumanensis ,pudricion roja de la nervadura
Gloniopsis australis,
Glycaspis brimblecombei ,Psílido del escudo
Gnaphalium gaudichaudianum ,Vira vira 
Gnathocerus cornutus ,Gorgojo de los cuernos de los cereales
Gnathotrichus fimbriatus,
Gnomoniopsis comari ,Mancha foliar
Golovinomyces cichoracearum ,Oídio
Golovinomyces orontii ,oidio blanco
Gomphrena celosioides,
Gomphrena perennis ,Gonfrena
Gonipterus gibberus ,Gorgojo del eucalipto
Gonipterus pulverulentus,
Gonipterus scutellatus ,Gorgojo del eucalipto
Gracilacus epacris,
Grapevine enation agent,
Grapevine Fanleaf Virus ,GFLV 
Grapevine flavescence dorée phytoplasma ,Grapevine yellows
Grapevine fleck virus ,Fleck
Grapevine Leafroll associated Virus ,GLRaV 
Grapevine leafroll-associated virus 1 ,GLRaV-1
Grapevine leafroll-associated virus 2 ,GLRaV-2
Grapevine leafroll-associated virus 3 ,GLRaV-3
Grapevine virus A ,GVA
Grapevine virus B ,GVB
Grapevine yellow speckle viroid,
Grapholita funebrana,
Grapholita molesta ,Grafolita
Grifola gargal ,Podredumbre blanca
Groundnut ring spot virus ,GRSV 
Gryllus argentinus,
Guar symptomless virus ,GSLV
Guignardia baccae,
Guignardia mangiferae,
Guignardia vaccinii,
Gymnosporangium spp.,
Gyropsylla spegazziniana ,Rulo o psilido de la yerba mate
Gyrothrix podosperma,
Haematonectria haematococca ,fusariosis
Halyomorpha halys,
Halysidota ruscheweyhi ,Gatula
Haplothrips trellesi ,Trips
Hedylepta indicata,
Heilipus albopictus,
Heilipus lauri,
Heilipus pittieri,
Heilipus trifasciatus,
Helianthus petiolaris ,Girasolcito  
Helicobasidium purpureum ,Manchón de los alfalfares
Helicoceras oryzae ,Podredumbre castaño rojiza de la vaina
Helicoma dennisii,
Helicomyces colligatus,
Helicomyces roseus,
Helicomyia saliciperda,
Helicotylenchus dihystera ,Nemátodo espiral común
Helicotylenchus multicinctus,
Helicotylenchus pseudorobustus,
Helicoverpa armigera ,oruga capullera
Helicoverpa gelotopoeon ,Oruga bolillera 
Helicoverpa zea ,Isoca de la espiga
Heliothis gelotopoeon,
Heliothrips haemorrhoidalis ,Trips de los invernaderos
Heliotropium europaeum,
Helminthosporium velutinum,
Helodytes foveolatus,
Hemiberlesia cyanophylli ,Queresa 
Hemiberlesia diffinis,
Hemiberlesia lataniae,
Hemiberlesia latastei ,Cochinilla parda del olivo
Hemiberlesia rapax ,Escama del nogal 
Hemileia coffeicola,
Heterachthes plagiatus,
Heteranthera reniformis,
Heterobasidium annosum,
Heterobostrychus aequalis,
Heterodera avenae,
Heterodera cajani,
Heterodera fici,
Heterodera glycines ,Nemátodo del quiste de la soja
Heterodera mediterranea,
Heterodera sacchari,
Heterodera schachtii,
Heterodera trifolii,
Heterodera zeae,
Heteronychus arator,
Heterotheca subaxillaris ,Falso Alcanfor
Heterothrips stellae,
Hibiscus latent ringspot virus,
Hibiscus trionum,
Hieracium tomentosum,
Hirschfeldia incana ,Nabo amarillo 
Hirschmanniella oryzae,
Homalodisca coagulata,
Homoeosoma heinrichi ,Polilla del girasol
Hop stunt viroid ,caquexia 
Hoplocampa minuta,
Hoplolaimus coronatus,
Hoplolaimus seinhorsti,
Horcias nobilellus ,Chinche rayada 
Horciasinus argentinus,
Huequenia livida ,Taladro del pehuén
Hyadaphis coriandri,
Hyadaphis foeniculi,
Hyalesthes obsoletus,
Hyalis argentea ,Olivillo 
Hyaloperonospora parasitica ,Mildiu de las cruciferas
Hyalopterus pruni,
Hyalorbilia inflatula,
Hybanthus parviflorus ,Violetilla
Hydrellia griseola,
Hydrilla verticillata,
Hydropisphaera arenula,
Hylastes ater ,Escarabajo de la corteza
Hylesia nigricans ,Bicho quemador
Hylesinus antipodus,
Hylesinus oleiperda ,Taladrillo del olivo
Hylobius abietis,
Hylobius pales,
Hylotrupes bajulus ,Bicho taladro 
Hylurgonotus tuberculatus ,Polilla de la araucaria
Hylurgus ligniperda ,Escolito rubio del pino
Hymenachne amplexicaulis,
Hymenula cerealis,
Hypercompe indecisa ,Gata peluda de los almácigos 
Hyperomyzus lactucae ,pulgón de la lechuga
Hyperplatys argentinus,
Hyphantria cunea,
Hyphantus sulcifrons,
Hypochaeris chilensis ,Achicoria amarilla 
Hypothenemus bolivianus,
Hypothenemus elephas,
Hypothenemus eruditus,
Hypothenemus obscurus,
Hypoxylon crocopeplum,
Hypoxylon rubiginosum,
Hypsipyla grandella ,Barrenador del brote cedro
Hyptis capitata,
Ibicella lutea ,Cuernos del diablo 
Icerya purchasi ,Cochinilla acanalada de Australia
Icerya seychellarum,
Illinoia wilson,
Impatiens necrotic spot virus ,INSV
Imperata cylindrica ,Hierba sangrienta japonesa cogón
Incilaria confusa ,Babosa coreana
Indian citrus ringspot virus ,Virus de la mancha anular de los cítricos 
Inocutis jamaicensis ,Podredumbre blanca
Inocutis texana,
Inonotus texanus,
Inopus flavus,
Inopus rubriceps,
Ipomoea grandifolia,
Ipomoea hederacea,
Ipomoea nil ,Enredadera 
Ipomoea purpurea ,Campanilla 
Ipomoea triloba,
Ips spp.,
Iresine diffusa ,iresine 
Iridopsis brittonae ,Oruga defoliadora
Iris severe mosaic virus,
Iris yellow spot virus,
Isariopsis clavispora,
Ischaemum rugosum,
Ischiopachys cribipennis micans,
Isoneurothrips australis,
Isonychus albicinctus ,Coleóptero ancho de las flores
Issatchenkia orientalis,
Issatchenkia terricola,
Iva xanthifolia,
Juncus imbricatus,
Juncus microcephalus,
Kabatiella zeae ,Mancha en Ojo 
Kalanchoe latent virus ,KLV
Kalanchoe mosaic virus,
Keiferia lycopersicella,
Klebsiella oxytoca,
Kybos populi ,Cotorrita
Kyuri green mottle mosaic virus ,KGMMV0
Lacertinella australis,
Lachnellula subtilissima,
Lactuca serriola ,Lechuga silvestre 
Laemophloeus minutus,
Laetiporus portentosus ,Pudrición castaña
Laetiporus sulphureus ,Podredumbre del corazón de la madera 
Lagria villosa ,Vaquita dorada
Lamium amplexicaule ,Ortiga mansa  
Lampides boeticus ,Canela estriada
Largus rufipennis,
Lasiodiplodia theobromae ,Podredumbre del cuello
Lasiothyris luminosa,
Latheticus oryzae ,Carcoma de la harina
Lathyrus aphaca ,Afaca 
Leandria momordicae ,Mancha en red
Lecanodiaspis dendrobii,
Lecanosticta acicola,
Leek yellow stripe virus ,LYSV 
Leersia hexandra ,Pasto de agua
Leifsonia xyli subsp. xyli ,Raquitismo de los retoños o achaparramiento
Lema bilineata ,Babosita del tabaco 
Lepidium bonariense ,Mastuerzo loco 
Lepidosaphes beckii ,Cochinilla coma 
Lepidosaphes gloverii ,Cochinilla coma fina
Lepidosaphes ulmi ,Cochinilla coma
Leptinotarsa decemlineata ,Escarabajo de la papa
Leptochloa chinensis,
Leptochloa panicea ,Pasto moro
Leptocybe invasa ,Avispa de la agalla
Leptoglossus chilensis ,Chinche foliada
Leptoglossus impictus ,Chinche de la papa 
Leptosphaeria avenaria,
Leptosphaeria maculans ,Podredumbre seca de las cruciferas 
Leptosphaeria sclerotioides,
Leptosphaerulina crassiasca ,Mancha en v o quemadura de la hoja
Leptosphaerulina trifolii ,Mancha ocular
Leptotes trigemmatus,
Leptotrochila medicaginis,
Lepus europaeus ,Liebre europea
Lettuce big-vein virus ,Engrosamiento de nervaduras -LBVV
Lettuce mosaic virus ,LMV 
Lettuce necrotic yellow virus ,LNYV 
Leucania humidicola,
Leucania jaliscana,
Leucaspis pusilla ,Cochinilla blanca del pino
Leucaspis riccae,
Leucinodes orbonalis,
Leucoptera malifoliella,
Leveillula taurica ,Oidio
Lexiphanes coenobita,
Lily mottle virus,
Lily symptomless virus ,LSV
Limnobium laevigatum ,Trebol de agua
Lindernia antipoda,
Lindernia ciliata,
Lindernia crustacea,
Lindernia procumbens,
Linepithema humile ,Hormiga argentina
Linocarpon verminosum,
Liorhyssus hyalinus,
Liothrips oleae,
Liothrips perseae,
Lipandra polysperma,
Lipaphis erysimi ,Pulgón de la mostaza
Liposcelis paeta,
Liriomyza brassicae ,Minador de la hoja
Liriomyza huidobrensis ,Mosca minadora de las hojas
Liriomyza nietzkei,
Liriomyza sativae ,Minador 
Liriomyza spencerella,
Liriomyza trifolii,
Lissachatina fulica ,Caracol gigante africano
Lissonotus andalgalensis,
Lissorhoptrus oryzophilus,
Listroderes costirostris ,gorgojo del girasol
Listronotus bonariensis ,Gorgojo del macollo
Little cherry virus,
Lobesia botrana ,Polilla de la vid
Lobiopa insularis,
Lolium multiflorum ,Raigrás anual
Lolium persicum,
Lolium temulentum ,Trigollo 
Lonchaea pendula,
Longidorus attenuatus,
Longidorus elongatus,
Lophiostoma angustilabrum,
Lophodermium canberrianum,
Lophodermium conigenum,
Lophodermium pinastri,
Lophodermium seditiosum,
Lophodermium staleyi,
Lopholeucaspis japonica,
Lophopoeum bruchi,
Lorryia formosa ,Ácaro amarillo de los cítricos
Loxostege bifidalis ,Oruguita verde de la verdolaga
Ludwigia adscendens,
Ludwigia bonariensis ,Duraznillo de agua
Ludwigia peploides ,Onagraria 
Luziola peruviana ,Pastito de agua
Lycopsis arvensis ,Borraja pampeana 
Lyctus brunneus ,escarabajo
Lygirus burmeisteri ,Gusano blanco
Lygus lineolaris ,chinche 
Lymantria dispar ,Polilla gitana
Lymantria monacha,
Maconellicoccus hirsutus ,Chanchitos blancos 
Macrohyporia dictyopora,
Macrophomina phaseolina ,Podredumbre carbonosa del tallo
Macropophora accentifer ,Taladro de los cítricos 
Macroposthonia xenoplax,
Macrosiphoniella artemisiae,
Macrosiphoniella tapuskae,
Macrosyphum euphorbiae ,Pulgón de la papa
Macugolania lineiceps,
Macugonalia cavifrons ,Chicharrita
Macugonalia leucomelas ,Chicharrita
Maecolaspis occidentalis,
Magnaporthe salvinii ,Podredumbre del tallo
Maize Bushy Stunt Phytoplasma,
Maize chlorotic mottle virus ,MCMV
Maize Dwarf Mosaic Virus ,MDMV
Maize rayado fino virus ,MRFV 
Maize wallaby ear virus ,MWEV
Mal de Río Cuarto Virus ,MRCV 
Malacosoma spp.,
Malvastrum coromandelianum ,Escoba dura
Mamestra brassicae ,nóctua de la col
Manduca sexta ,Marandová de las solanáceas
Margarodes vitis ,Perla de la tierra 
Margaronia persimilis,
Maruca vitrata,
Massarina coniferarum,
Matricaria chamomilla ,Manzanilla
Mayetiola destructor,
Megalobulimus oblongus ,Caracol blanco
Megalobulimus sanctipauli ,Caracol blanco
Megalurothrips distalis,
Megaplatypus mutatus ,Taladro de los forestales y frutales
Megaselia arietina,
Megastigmus spp.,
Meghimatium pictum ,Babosa china
Melampsora laricis-populina ,Roya del álamo
Melampsora medusae ,Roya del álamo
Melanagromyza cunctanoides ,Mosquita del tallo del girasol 
Melanagromyza minimoides ,Mosquita del capítulo del girasol
Melanaphis sacchari,
Melanaspis aliena,
Melanocallis caryaefoliae ,Pulgón negro
Melanographium citri,
Melanoloma viatrix,
Melanophila picta,
Melipotis ochrodes,
Melittia pulchripes dangeloi ,barrenador del cuello de la raiz o taladrador del tallo
Melittia pulchripes pulchripes ,barrenador del cuello de la raíz o taldrador del tallo
Melochia corchorifolia,
Meloidogyne arenaria ,Nematode de las agallas radicales del mani
Meloidogyne arenaria Raza 2,
Meloidogyne chitwoodi,
Meloidogyne enterolobii,
Meloidogyne ethiopica,
Meloidogyne fallax,
Meloidogyne hapla ,nematodo
Meloidogyne hispanica,
Meloidogyne incognita ,Nemátodo del nudo de la raíz
Meloidogyne javanica ,Nematodo del nudo 
Melolontha melolontha ,escarabajo sanjuanero 
Merodon equestris ,Mosca del narciso
Merremia umbellata,
Mesolecanium nigrofasciatum,
Metamasius dimidiatipennis,
Metanastes vulgivagus,
Metcalfa pruinosa,
Metopolophium dirhodum ,Pulgón amarillo de los cereales 
Metulocladosporiella musae ,Jaspeado o manchado de las hojas 
Micrapate brasiliensis,
Micrapate bruchi ,Taladrillo de la vid 
Micrapate scabrata,
Microcerotermes strunckii,
Microdochium albescens ,Escaldadura de la hoja
Microdochium panattonianum ,Antracnosis de la lechuga
Microplophorus magellanicus ,Taladro de Magallanes
Microsphaeropsis glumarum,
Microtheca ochroloma ,Vaquita de los márgenes amarillos
Mikronegeria fagi ,Roya anaranjada
Milax gagates ,Babosa negra  
Mollisia discolor,
Molomea consolida ,Chicharrita
Molothrus bonariensis ,Tordo común 
Monarthrum minutum,
Monellia caryella ,Pulgón amarillo
Monelliopsis pecanis ,Pulgón amarillo
Monilinia fructicola ,Podredumbre morena
Monilinia fructigena,
Monilinia laxa ,Podredumbre morena 
Monilinia vaccinii-corymbosi,
Monochamus spp.,
Monochoria vaginalis,
Mononychellus planki,
Mononychellus tanajoa,
Monosteira unicostata ,Tigre del almendro 
Mormidea collaris,
Mucor piriformis,
Mucor racemosus ,marchitez del tabaco
Murdannia nudiflora,
Musicillium theobromae ,Punta de cigarro
Myagrum perfoliatum,
Mycena citricolor,
Mycetaspis personata,
Myconcentrospora cladosporioides ,Cercosporiosis del olivo 
Mycosphaerella arachidis ,Viruela temprana del maní
Mycosphaerella berkeleyi ,Viruela tardia del maní
Mycosphaerella chrysanthemi,
Mycosphaerella citri ,Mancha grasienta
Mycosphaerella confusa,
Mycosphaerella cryptica,
Mycosphaerella dianthi,
Mycosphaerella fijiensis,
Mycosphaerella fragariae ,Viruela 
Mycosphaerella gibsonii,
Mycosphaerella gossypina ,Cercosporiosis del algodonero
Mycosphaerella graminicola ,Mancha de la hoja
Mycosphaerella marksii ,Mancha foliar
Mycosphaerella musicola ,Sigatoka amarilla
Mycosphaerella pomi,
Mycosphaerella populorum ,Cancrosis de los alamos
Mycosphaerella rabiei ,Rabia o tizón del garbanzo
Mycosphaerella recutita ,Estria parda de la hoja 
Mycosphaerella suttonii,
Mycosphaerella tassiana,
Myllocerus undecimpustulatus undatus,
Myopsitta monachus monachus ,Cotorra argentina 
Myrothecium roridum,
Mythimna adultera ,Oruga militar verdadera
Mythimna separata,
Mythimna unipuncta ,Oruga militar verdadera
Mytilaspis conchiformis,
Myzus cerasi,
Myzus ornatus,
Myzus persicae ,Pulgón verde del duraznero 
Nacobbus aberrans ,Falso nematodo del nudo de la raíz 
Nacoleia octasema,
Nambouria xanthops,
Naohidemyces vaccinii ,Roya de la hoja del arándano
Narcissus mosaic virus ,NMV
Nasonovia ribisnigri ,manchado de la lechuga
Nasutitermes sp. ,Termita
Naupactus ambiguus ,Gorgojo de las raíces de los cítricos 
Naupactus bruchi,
Naupactus cinereidorsum,
Naupactus cyphoides,
Naupactus dissimilis,
Naupactus hirsutus,
Naupactus leucoloma ,Gorgojo de la alfalfa 
Naupactus rivulosus ,Gorgojo de las raíces de los cítricos
Naupactus versatilis ,Gorgojos de las raíces de los cítricos
Naupactus xanthographus ,Mulita de la vid 
Nectria calami,
Nectria cinnabarina,
Nectria gracilipes,
Nectria peziza,
Nemapogon granellus ,Falsa palomita del trigo
Nematus oligospilus ,Oruga del sauce 
Nemorimyza maculosa ,Minador de las hojas del Crisantemo 
Neoaliturus haematoceps,
Neoclytus sobrinus,
Neoclytus ypsilon,
Neocompsa serrana,
Neocosmospora tucumaniae ,Síndrome de la muerte repentina 
Neocosmospora virguliforme ,Síndrome de la muerte repentina 
Neocurtilla hexadactyla,
Neodiprion spp.,
Neofabraea alba ,Bark canker
Neofabraea malicorticis ,apple anthracnose
Neofusicoccum mangiferae,
Neofusicoccum parvum,
Neoleucinodes elegantalis ,Perforador del fruto
Neonectria distissima,
Neonectria obtusispora,
Neoscytalidium dimidiatum,
Neotoxoptera formosana,
Nephodia marginata,
Nesidiocoris tenuis,
Nesozineus obscurus,
Nezara viridula ,Chinche verde
Nicotiana longiflora ,Flor de sapo
Nicotiana noctiflora ,Tabaco cimarrón 
Nigrospora oryzae,
Nigrospora sacchari,
Nipaecoccus nipae,
Nipaecoccus viridis,
Noctua pronuba,
Nothophellinus andinopatagonicus ,Pudrición blanca 
Nothura maculosa ,Perdiz 
Notozulia entreriana,
Nyctelius nyctelius nyctelius,
Nymphoides indica ,Estrella de agua
Nymphula allionealis,
Nymphula depunctalis ,Oruga estuche
Nymphula effrenatalis,
Nymphula endoralis,
Nymphula fluctuosalis,
Nymphula gurgitalis,
Nymphula indomitalis,
Nysius major ,chinche de la semilla
Nysius raphanus,
Nysius simulans ,Chinche diminuta 
Ochetina uniformis ,Gorgojo del cuello
Odoiporus longicollis,
Odontocera flavicauda,
Odontoglossum ringspot virus,
Oebalus grisescens,
Oebalus insularis ,chinche de la espiga
Oebalus poecilus ,Chinche del grano o chinche de la panoja
Oebalus ypsilongriseus,
Oediopalpa guerini,
Oenothera indecora ,Flor de noche
Oenothera mendocinensis ,Flor de Oración
Ogma alternatum,
Ogma comahuense,
Ogma multisquamatum,
Oidium ambrosiae ,Oidio del zapallo por Oidium
Oidium eucalypti ,Oidio
Oiketicus kirbyi,
Oiketicus moyanoi ,Bicho canasto
Oiketicus platensis ,Bicho canasto 
Oligonychus bicolor,
Oligonychus perseae,
Oligonychus peruvianus,
Oligonychus vitis,
Oligonychus yothersi ,Acaro rojo
Oligoporus dissectus,
Oligoporus pelliculosus ,Pudrición castaña
Olpidiaster brassicae,
Oncideres germani,
Oncideres guttulata,
Oncideres impluviata,
Oncideres mineata,
Oncideres saga,
Oncideres stillata,
Oncideres vulgata,
Oncosiphon suffruticosum,
Onion yellow dwarf virus ,OYDV 
Onopordum acanthium ,Cardo pampa 
Operophtera brumata,
Ophelimus eucalypti,
Ophelimus maskelli,
Ophiognomonia leptostyla ,Antracnosis del nogal
Ophiomyia phaseoli ,Mosca del poroto 
Ophiostoma araucariae ,Manchado
Ophiostoma huntii,
Opogona sacchari,
Opsiphanes tamarindi,
Orgyia antiqua,
Orgyia spp.,
Ormiscodes cinnamomea,
Orobanche spp.,
Orthosia cerasi,
Orthotomicus laricis,
Orthotylus flavosparsus,
Oryctes rhinoceros ,escarabajo rinoceronte asiático
Oryza rufipogon ,Arroz rojo
Oryzaephilus mercator,
Oryzaephilus surinamensis ,Carcoma dentada de los granos 
Oryzophagus oryzae ,Gorgojo acuático o bichera de la raíz 
Ostrinia furnacalis,
Ostrinia nubilalis,
Otala punctata ,Caracol español caracol blanco
Otiorhynchus cribricollis,
Otiorhynchus ligustici ,gorgojo del ligustico
Otiorhynchus ovatus,
Otiorhynchus rugosostriatus,
Otiorhynchus singularis ,Otiorrinco
Otiorhynchus sulcatus,
Oulena melanopus,
Ovachlamys fulgens ,Caracol saltarin 
Oxalis corniculata ,Vinagrillo 
Oxycenus maxwelli,
Oxycraspedus cornutus,
Oxycraspedus cribricollis,
Oxycraspedus minutus,
Oxydia apidania,
Oxydia vesulia,
Oxymerus aculeatus meridionalis,
Oxymerus luteus australis,
Pachylis argentinus,
Pachymetra chaunorhiza,
Palleucothrips musae,
Palm lethal yellowing phytoplasma,
Palorus ratzeburgi,
Palpita vitrealis,
Pammene rhediella,
Pandemis heparana,
Panicum bergee ,Paja voladora
Panicum capillare ,Paja voladora 
Panicum dichotomiflorum,
Panicum miliodes ,Pastito tierno
Panicum urvilleanum ,Tupe - Paja voladora
Panonychus citri ,Ácaro rojo de los citrus
Panonychus ulmi ,Arañuela roja europea
Panoquina ocola,
Panoquina sylvicola,
Pantoea agglomerans ,Bacillus agglomerans 
Pantoea ananatis,
Pantoea stewartii,
Pantomorus ambiguus,
Pantomorus auripes,
Pantomorus cervinus ,Gorgojo
Pantomorus durius ,Gorgojo gris
Pantomorus godmani ,Gorgojo de las raíces de los cítricos
Pantomorus pallidus,
Pantomorus ruizi ,Gorgojo de la raíz de la alfalfa
Pantomorus taeniatulus,
Pantomorus verecundus,
Pantomorus viridisquamosus ,Gorgojo de la alfalfa 
Papaya rinspot virus ,PRSV
Papilio thoas thoantiades ,Perro de los naranjos
Parabemisia myricae ,Mosca blanca 
Paracles deserticola,
Paracoccus marginatus,
Paraconiothyrium fuckelii ,Tizón 
Paraleyrodes citri ,Mosca blanca 
Paraleyrodes proximus ,Mosca blanca 
Paralobesia viteana,
Parandra glabra,
Paranthrene tabaniformis,
Parapantomorus fluctuosus ,Gorgojo de la raíces de los cítricos
Paraphytoptus intersitus ,Ácaro del bronceado del tabaco
Parasa lepida,
Parastagonospora nodorum,
Parathona gratiosa ,Chicharrita
Paratrichodorus minor,
Paratrichodorus pachydermus,
Paratrichodorus porosus,
Paratylenchus spp.,
Parietaria debilis ,Parietaria
Parlatoria blanchardi ,Cochinilla de la palmera datilera
Parlatoria cinerea ,Cochinilla roja chica 
Parlatoria oleae ,Cochinilla violeta del olivo
Parlatoria pergandii ,Piojo gris 
Parlatoria ziziphi ,Piojo negro del naranjo 
Paropsisterna bimaculata,
Paropsisterna m-fuscum,
Parthenolecanium corni ,Cochinilla marrón
Parthenolecanium persicae ,Cochinilla café de la vid 
Parthenolecanium pruinosum,
Pascalia glauca ,Yuyo sapo 
Paspalum dilatatum ,Pasto miel
Paspalum distichum ,Pasto dulce
Paspalum fasciculatum,
Paspalum hydrophilum,
Paspalum modestum ,Gramilla de bañado
Paspalum repens,
Passalora fulva ,Moho de la hoja 
Passalora fusimaculans,
Passalora koepkei ,Mancha amarilla
Passalora malkoffii,
Passer domesticus ,Gorrión 
Paulownia witches broom phytoplasma ,Escoba de brujas
Paysandisia archon ,Polilla de las palmeras
Pea early-browning virus,
Pea false leaf roll virus,
Pea seed-borne mosaic virus,
Peach latent mosaic viroid,
Peach rosette mosaic virus ,virus del mosaico roseteado del durazno
Peach rosette phytoplasma,
Peach X-disease phytoplasma,
Peach yellows phytoplasma,
Peanut mottle virus ,PMV 
Peanut stripe virus,
Peanut stunt virus,
Pear blister canker viroid,
Pectinophora gossypiella ,lagarta rosada
Pectobacterium atrosepticum ,Pié negro
Pectobacterium carotovorum subsp. carotovorum ,Podredumbre blanda del tubérculo 
Pectobacterium wasabiae,
Pelargonium zonate spot virus ,PZSV
Pemphigus bursarius ,Pulgón galícola del pecíolo de las hojas de álamo
Pemphigus populitransversus ,Pulgón del álamo
Penicillium echinulatum,
Penicillium solitum,
Penicillium aurantiogriseum,
Penicillium brevicompactum,
Penicillium digitatum ,Moho verde
Penicillium expansum ,Moho
Penicillium gladioli,
Penicillium hirsutum,
Penicillium italicum ,Moho azul
Penicillium oxalicum,
Penicillium ulaiense,
Penicillium waksmanii,
Peniophora nuda,
Pennisetum polystachion,
Pentalonia nigronervosa,
Penthaleus major ,Arañuela del trigo
Pepino mosaic virus ,PEPMV
Pepper mild mottle virus ,PMMV 
Peregrinus maidis ,Chicharrita del maiz
Peribatodes rhomboidaria ,oruga
Periconia lateralis,
Periconia minutissima,
Peridroma saucia ,Gusano variado 
Perkinsiella saccharicida,
Peronosclerospora sacchari,
Peronosclerospora sorghi,
Peronospora ciceris,
Peronospora destructor ,Mildiu
Peronospora farinosa ,Mildiu
Peronospora farinosa f. sp. betae ,Mildiu
Peronospora hyoscyami,
Peronospora manshurica ,Mildiu
Peronospora sparsa ,mildiu del rosal
Peronospora trifoliorum,
Peronospora viciae ,mildiu
Persicaria laphatifolia,
Persicaria pensylvanica,
Pesotum piceae,
Pestalotia longisetula,
Pestalotiopsis funerea,
Pestalotiopsis guepinii,
Pestalotiopsis palmarum ,Mancha del tallo de coco
Petrobia latens,
Petunia axillaris ,Petunia
Peyronellaea pinodes ,fusariosis
Pezicula corticola,
Phacidiopycnis padwickii,
Phaeoacremonium aleophilum ,Hoja de malvón
Phaeoacremonium parasiticum,
Phaeocryptopus araucariae ,Necrosis de acículas
Phaeocytostroma sacchari,
Phaeolus schweinitzii,
Phaeomoniella chlamydospora,
Phaeosphaeria nodorum ,Mancha de la hoja y la gluma
Phakopsora desmium ,Roya del algodonero
Phakopsora euvitis,
Phakopsora meibomiae,
Phakopsora pachyrhizi ,Roya de la Soja
Phalaris brachystachys,
Pharbitis purpurea ,campanilla morada
Phellinus fastuosus ,Phellinus en quebracho
Phellinus gilvus ,Caries blanca 
Phellinus livescens,
Phellinus rimosus ,Pudrición blanca
Phellinus swieteniae,
Phenacoccus aceris,
Phenacoccus madeirensis,
Phera centrolineata ,Chicharrita
Phialophora cinerescens,
Phidotricha atramentalis,
Philaenus spumarius,
Phloeomyzus passerinii ,Pulgón lanigero del alamo
Phloeotribus scarabaeoides,
Phlyctinus callosus,
Phocides polybius phanias ,Oruga
Phoma crocophyla,
Phoma exigua ,Podredumbre basal 
Phoma leveillei ,Decoloración de la vaina
Phoma medicaginis,
Phoma pinodella ,Ascochya – Phoma en semilla de arveja
Phomopsis abietina,
Phomopsis diachenii,
Phomopsis helianthi ,Cancro y quebrado del tallo
Phomopsis longicolla ,Tizón de la vaina y el tallo y prodredumbre de la semilla por phomopsis
Phomopsis obscurans,
Phomopsis theicola,
Phomopsis vaccinii,
Phomopsis velata,
Phomopsis vexans,
Phomopsis viticola,
Phoracantha recurva ,Taladro del eucalipto
Phoracantha semipunctata ,Taladro del eucalipto
Phoradendron argentinum,
Phoradendron bathyoryctum,
Phoradendron coriaceum,
Phoradendron dipterum,
Phoradendron falcifrons,
Phoradendron interruptum,
Phoradendron liga,
Phoradendron mucronatum,
Phoradendron obtusissimum,
Phoradendron paraguari,
Phoradendron piperoides,
Phoradendron quadrangulare,
Phoradendron reductum,
Phoradendron rusbyi,
Phoradendron tucumanensis,
Phragmidium mucronatum ,Roya 
Phragmocephala atra,
Phthorimaea operculella ,Polilla de la papa
Phyllanthus urinaria,
Phyllocnistis citrella ,Minador de las hojas
Phyllocoptes gracilis,
Phyllocoptes unguiculatus,
Phyllocoptruta oleivora ,Ácaro del tostado 
Phyllosticta ampelicida ,Podredumbre negra de la vid 
Phyllosticta citricarpa ,Mancha negra de los cítricos
Phyllosticta imbe,
Phyllosticta phaseolina ,mancha foliar
Phyllosticta philodendra,
Phyllosticta sojicola ,Mancha foliar 
Phyllosticta solitaria,
Phyllosticta vaccinii,
Phylloxera devastatrix ,Phylloxera
Phylloxera glabra,
Phylloxera notabilis ,Phylloxera
Phyllyctus gounellei,
Phymatotrichopsis omnivora,
Phyrdenus muriceus ,Gorgojo del tomate 
Physalis angulata ,Tomatillo 
Physalis viscosa ,Camambú
Physoderma maydis ,Mancha café
Physopella ampelopsidis,
Phytomyza gymnostoma,
Phytomyza rufipes ,Mosca minadora de las hojas
Phytonemus pallidus,
Phytophthora boehmeriae,
Phytophthora cactorum ,Podredumbre del cuello tronco y raíces 
Phytophthora cambivora ,Decaimiento de plantas 
Phytophthora capsici ,pudrición
Phytophthora cinnamomi ,Tristeza del Palto
Phytophthora citricola,
Phytophthora citrophthora ,Podredumbre del pie 
Phytophthora cryptogea ,Podredumbre del tallo
Phytophthora drechsleri ,Mildiu de la sandía
Phytophthora erythroseptica,
Phytophthora fragariae,
Phytophthora gonapodyides,
Phytophthora infestans ,Tizón tardío 
Phytophthora medicaginis ,Podredumbre húmeda
Phytophthora megasperma,
Phytophthora nicotianae ,Podredumbre del cuello por Phytophthora 
Phytophthora palmivora ,Cáncer del tallo 
Phytophthora rubi ,Podredumbre de raíz
Phytophthora sojae ,Podredumbre de la raíz y de la base del tallo 
Phytophthora tropicalis,
Phytoplasma prunorum,
Phytopythium vexans,
Pichia galeiformis,
Pichia kluyveri,
Pichia membranifaciens,
Pichia occidentalis,
Piezodorus guildinii ,Chinche de la alfalfa 
Pileolaria terebinthi,
Pilidium lythri,
Pilosella officinarum,
Pineus boerneri ,Pulgón lanígero
Pineus pini,
Pinnaspis aspidistrae ,Cochinilla blanca de la hoja 
Pinnaspis strachani ,Escama nieve menor 
Piricauda quadrata,
Pissodes castaneus,
Pissodes nemorensis,
Pityophthorus juglandis,
Plagiodera erythroptera ,Vaquita del sauce
Planococcoides njalensis,
Planococcus citri ,Cochinilla harinosa de los cítricos
Planococcus ficus ,Cochinilla harinosa de la vid 
Planococcus lilacinus,
Planococcus minor ,Piojo harinoso 
Planotortrix excessana,
Plantago lanceolata ,Peludilla 
Plasmopara halstedii ,RAZAS: 300 330 710 730 770 
Plasmopara viticola ,Mildew
Platynota idaeusalis,
Platynota stultana,
Platypus linearis,
Platypus schaumi,
Plenodomus libanotidis,
Plenodomus lindquistii ,Peste Negra del Girasol 
Plenodomus tracheiphilus,
Pleospora bjoerlingii ,Pie negro criptogámico
Pleospora herbarum,
Pleospora tarda ,Podredumbre basal
Pleotrichophorus glandulosus,
Plesiommata mollicella ,Chicharrita
Plocaederus ferrugineus,
Plodia interpunctella ,polilla de la fruta seca
Ploioderma hedgcockii,
Pluchea camphorata,
Pluchea sagittalis ,Lucera 
Plum pox virus ,Sharka
Plutella xylostella ,Polilla de las Coles 
Podosphaera aphanis ,Oídio
Podosphaera fuliginea ,Oídio de las cucurbitáceas
Podosphaera fusca ,Oidio
Podosphaera leucotricha ,Oídio del manzano
Podosphaera macularis,
Podosphaera pannosa,
Podosphaera tridactyla ,oidio del albaricoquero
Podosporiella verticillata,
Pollinia pollini ,Cochinilla rugosa del olivo
Polygonum aviculare ,Sanguinaria
Polygonum acuminatum,
Polygonum barbatum,
Polygonum convolvulus ,Enredadera
Polygonum hydropiper,
Polygonum hydropiperoides ,Pimiento de agua
Polygonum lapathifolium ,Poligono
Polygonum nepalense,
Polygonum persicaria ,Lagunilla manchada
Polymerus ocellatus ,Mírido del Girasol
Polymyxa graminis,
Polyphagotarsonemus latus ,Ácaro blanco  
Polyscytalum pustulans,
Pomacea canaliculata ,Caracol manzana
Pontederia cordata,
Popillia japonica,
Poria subarida,
Porotermes quadricollis,
Portulaca gilliesii ,Flor de seda
Portulaca oleracea ,Verdolaga
Postia stiptica,
Potato black ringspot virus,
Potato deforming mosaic virus ,PDMV 
Potato latent virus,
Potato leafroll virus ,PLRV 
Potato mop-top virus,
Potato rough dwarf virus ,PRDV 
Potato spindle tuber viroid,
Potato virus A ,PVA 
Potato virus T ,PVT
Potato virus U ,PVU
Potato virus V ,PVV
Potato virus X ,PVX
Potato virus Y ,PVY 
Potato yellow dwarf virus ,PYDV
Potato yellow vein virus,
Potato yellowing virus,
Pratylenchus agilis,
Pratylenchus bolivianus,
Pratylenchus brachyurus,
Pratylenchus coffeae,
Pratylenchus crenatus,
Pratylenchus fallax,
Pratylenchus goodeyi,
Pratylenchus loosi,
Pratylenchus microstylus,
Pratylenchus neglectus,
Pratylenchus penetrans , 
Pratylenchus pratensis,
Pratylenchus pseudopratensis,
Pratylenchus scribneri,
Pratylenchus thornei,
Pratylenchus vulnus,
Pratylenchus zeae,
Prays citri,
Prays oleae,
Premnotrypes spp. ,excepto P. latithorax
Proarna bergi ,Chicharra
Procornitermes araujoi,
Procornitermes striatus,
Procornitermes triacifer,
Prodiplosis longifolia,
Proeulia chrysopteris,
Proeulia spp.,
Promargarodes australis,
Promecops carinicollis,
Propolis pulchella,
Prostephanus truncatus,
Protalebrella brasiliensis,
Protocreopsis albofimbriata,
Protopulvinaria pyriformis,
Prune Dwarf Virus ,PDV
Prunus Necrotic Ringspot Virus ,PNRSV 
Psapharochrus jaspideus,
Pseudaletia sequax,
Pseudaonidia duplex,
Pseudaulacaspis cockerelli ,Escama Falsa del Mango
Pseudaulacaspis pentagona ,Cochinilla blanca del duraznero
Pseudischnaspis bowreyi ,cochinilla lineal
Pseudocercospora angolensis,
Pseudocercospora cladosporioides,
Pseudocercospora griseola ,mancha angular
Pseudocercospora purpurea ,Mancha angular de la hoja y Mancha negra del fruto
Pseudocercospora salicina ,Cercosporiosis
Pseudocercosporella herpotrichoides,
Pseudococcus calceolariae,
Pseudococcus citriculus,
Pseudococcus comstocki ,Cochinilla de la raíz 
Pseudococcus jackbeardsleyi,
Pseudococcus kraunhiae,
Pseudococcus longispinus ,Chanchito blanco de cola larga
Pseudococcus maritimus ,cochinilla harinosa
Pseudococcus viburni ,Chanchito blanco
Pseudocosmospora vilior,
Pseudoidium neolycopersici,
Pseudoidium perseae-americanae ,Oidio del Palto
Pseudoleucania bilitura,
Pseudomonas aeruginosa,
Pseudomonas chlororaphis,
Pseudomonas cichorii ,tizón marginal
Pseudomonas corrugata ,Necrosis de la médula
Pseudomonas fluorescens ,Mancha bacteriana
Pseudomonas fuscovaginae ,Sheath brown rot
Pseudomonas griseola,
Pseudomonas marginalis pv. marginalis ,bacteriosis de las hojas de la lechuga tizón marginal
Pseudomonas oryzihabitans,
Pseudomonas savastanoi pv. glycinea ,Tizón bacteriano
Pseudomonas savastanoi pv. phaseolicola ,Tizón del tallo de la Alfalfa
Pseudomonas savastanoi pv. savastanoi ,tuberculosis del olivo 
Pseudomonas syringae ,Manchas bacteriana 
Pseudomonas syringae pv. actinidiae,
Pseudomonas syringae pv. coronafaciens ,Tizón bacteriano de la avena 
Pseudomonas syringae pv. helianthi,
Pseudomonas syringae pv. lachrymans ,Bacteriosis del pepino 
Pseudomonas syringae pv. morsprunorum,
Pseudomonas syringae pv. pisi ,Tizón bacteriano
Pseudomonas syringae pv. striafaciens ,Tizón estriado de la avena
Pseudomonas syringae pv. syringae ,Tizón bacteriano
Pseudomonas syringae pv. tabaci ,Quemazón
Pseudomonas syringae pv. tomato ,Peca bacteriana
Pseudomonas viridiflava,
Pseudopachymerina grata,
Pseudoparlatoria argentata,
Pseudoperonospora cubensis ,Mildiú de las cucurbitáceas
Pseudoperonospora humuli,
Pseudopezicula tracheiphila ,viruela de las hojas de la vid  
Pseudopeziza medicaginis ,Viruela
Pseudophilothrips perseae,
Pseudoplusia includens ,Falsa oruga medidora
Pseudoseptoria donacis ,Mancha atigrada de la cebada
Psiloptera hirtomaculata,
Pterocomma populeum ,Pulgón gris del álamo
Puccinia allii ,Roya
Puccinia arachidis , Roya del maní
Puccinia asparagi,
Puccinia carthami ,Roya del cártamo 
Puccinia coronata ,Roya de la hoja de la Avena
Puccinia coronata var. avenae ,Roya de la Hoja 
Puccinia coronata var. secalis ,Roya del centeno
Puccinia graminis ,Roya negra 
Puccinia graminis var. avenae ,Roya del Tallo
Puccinia helianthi ,Roya negra
Puccinia hordei , Roya de la hoja de la cebada
Puccinia kuehnii,
Puccinia melanocephala ,Roya marrón
Puccinia montaenensis,
Puccinia negeriana,
Puccinia polysora,
Puccinia purpurea ,Roya
Puccinia recondita ,Roya anaranjada del trigo 
Puccinia sorghi ,Roya común del maíz
Puccinia striiformis ,Roya amarilla del trigo 
Pulvinaria vitis,
Pustula tragopogonis ,Roya blanca 
Pycnoporus cinnabarinus,
Pyrenochaeta lycopersici ,Raíz corchosa
Pyrenophora biseptata,
Pyrenophora chaetomioides ,Mancha de la Hoja de Avena
Pyrenophora lolii,
Pyrenophora teres f. maculata ,Mancha en Red Tipo Spot
Pyrenophora teres f. teres ,Mancha en red de la Cebada
Pyrenophora tritici-repentis ,Mancha tostada o amarilla
Pyricularia grisea ,Tizón o quemado
Pyricularia oryzae ,Mancha Johnson del platano 
Pyrofomes perlevis,
Pyrrhopyge pelota ,Mariposa del eucalipto
Pythium aphanidermatum ,Pudrición de Pythium y marchitez de la planta 
Pythium arrhenomanes ,Pie pardo de los cereales 
Pythium debaryanum ,podredumbre de vainas podredumbre radical y de tallo
Pythium dissotocum,
Pythium graminicola ,Caida de almacigos
Pythium myriotylum,
Pythium oligandrum ,Pie negro
Pythium tracheiphilum ,Marchitez de la lechuga
Quadraspidiotus juglansregiae,
Quadraspidiotus perniciosus ,Piojo de San josé 
Quinisulcius capitatus,
Rachiplusia nu ,Oruga medidora
Radopholus citrophilus,
Radopholus similis,
Rahnella aquatilis,
Ralstonia solanacearum,
Ralstonia solanacearum raza 1,
Ralstonia solanacearum raza 2,
Ramularia cercosporelloides ,Mancha foliar
Ramularia collo-cygni ,Salpicado necrótico
Ramularia coriandri,
Ramularia foeniculi,
Ramularia gossypii ,Mildiu
Ramulispora sorghi,
Ranqueles mus,
Raoiella indica ,Ácaro rojo de las palmas
Raphanus sativus ,Nabón
Rapistrum rugosum ,Mostacilla 
Raspberry bushy dwarf virus,
Raspberry leaf curl virus,
Raspberry ringspot virus ,Mancha anular del frambueso
Rathayibacter rathayi,
Rathayibacter tritici,
Recurvaria nanella,
Retithrips syriacus,
Retrachydes thoracicus sulcatus,
Rhabdoscelus obscurus,
Rhagoletis spp.,
Rhammatocerus schistocercoides,
Rhigopsidius tucumanus ,Gorgojo de la papa
Rhinostomus barbirostris ,Gorgojo barbudo del cocotero picudo barburo de las palmas picudo del cocotero
Rhipibruchus prosopis,
Rhizobium radiobacter ,Agalla de corona
Rhizobium rhizogenes,
Rhizobium rubi,
Rhizobium vitis,
Rhizoctonia fragariae,
Rhizoctonia oryzae-sativae ,Mancha agregada de la vaina
Rhizoctonia solani ,Mancha areolada 
Rhizoctonia tuliparum,
Rhizoecus falcifer,
Rhizoglyphus echinopus ,Acaro de los bulbos 
Rhizoglyphus robini,
Rhizoglyphus sp.,
Rhizopus arrhizus ,Podredumbre seca del capitulo 
Rhizopus stolonifer,
Rhodococcus fascians,
Rhodophaea pirivorella,
Rhombacus eucalypti,
Rhopalomyzus poae,
Rhopalosiphoninus latysiphon ,Pulgón
Rhopalosiphoninus staphyleae ,Pulgón del tulipán
Rhopalosiphum insertum,
Rhopalosiphum maidis ,Pulgón del maíz
Rhopalosiphum padi , Pulgón de la avena
Rhopalosiphum rufiabdominale ,Pulgón de la raíz de los cereales
Rhyacionia adana,
Rhyacionia aktita,
Rhyacionia buoliana ,Polilla del brote del pino 
Rhyacionia busckana,
Rhyacionia bushnelli,
Rhyacionia cristata,
Rhyacionia dativa,
Rhyacionia duplana,
Rhyacionia frustrana,
Rhyacionia logaea,
Rhyacionia neumexicana,
Rhyacionia pasadenana,
Rhyacionia pinivorama,
Rhyephenes humeralis ,Burrito 
Rhyephenes maillei ,Barrenador de corteza
Rhynchites heros,
Rhynchophorus ferrugineus ,Picudo asiático de la palma
Rhynchophorus palmarum ,picudo de la palma de coco picudo del cocotero gorgojo cimarrón.
Rhynchospora colorata,
Rhynchosporium graminicola ,Escaldadura
Rhynchosporium secalis ,Escaldadura de la cebada cervecera 
Rhyparida dimidiata,
Rhyparida morosa,
Rhyssomatus subtilis ,Picudo negro de la soja
Rhytidhysteron rufulum,
Rhytidodus decimusquartus ,Chicharrita de alamo
Rhyzopertha dominica ,Taladrillo de los Granos 
Ribgrass mosaic virus ,RMV
Rice black streaked dwarf virus ,RBSDV
Rigidoporus ulmarius ,Podredumbre blanca
Riphibruchus atratus,
Riphibruchus picturatus,
Riphibruchus psephenopygus,
Rosellinia necatrix ,Podredumbre blanca de raíces
Rotigonalia limbatula ,Chicharrita
Rottboellia cochinchinensis ,Sancarana
Rotylenchulus macrodoratus ,nematode
Rotylenchulus reniformis,
Rubellofomes minutisporus,
Rumex crispus ,Lengua de vaca 
Rumina decollata ,Caracol degollado
Rupela jana,
Rupela nivea,
Rupestris stem pitting associated virus ,rugose wood of grapevine 
Ryvardenia campyla ,Pudrición castaña
Ryvardenia cretacea ,Podredumbre castaña
Sabulodes caberata,
Saccharomyces cerevisiae,
Saccharosydne saccharivora,
Saccharosydne subandina,
Sagittaria guayanensis,
Sagittaria montevidensis ,Saeta argentina
Saissetia coffeae ,Escama hemisférica 
Saissetia oleae ,Cochinilla hache
Salsola kali ,Cardo ruso 
Saltusaphis scirrpus,
Sampsonius damfi,
Sampsonius pedrosai,
Saperda spp.,
Sarocladium oryzae,
Sarsina violascens,
Sarsina violascens,
Scaphoideus titanus,
Scaphytopius bolivianus,
Scaptocoris castaneus,
Scaptocoris terginus,
Schizaphis graminum ,Pulgón verde de los cereales
Schizophyllum commune ,Pudrición blanca de la madera
Schizotetranychus hindustanicus ,Acaro hindú de los cítricos
Schizotetranychus oryzae,
Schizotetranychus paezi,
Schizothyrium jamaicense,
Schizothyrium pomi,
Schizura concinna,
Schkuhria pinnata ,Mata pulgas 
Schoenobius immanis,
Schoenoplectiella mucronata,
Scirtothrips aceri,
Scirtothrips aguacatae,
Scirtothrips aurantii,
Scirtothrips kupandae,
Scirtothrips perseae,
Sclerophora pallida,
Sclerophthora macrospora ,"Panoja loca o ""crazy top"""
Sclerotinia bulborum,
Sclerotinia minor ,podredumbre húmeda del cuello o marchitamiento
Sclerotinia sclerotiorum ,Podredumbre húmeda del tallo hoja y capitulo
Sclerotinia trifoliorum,
Sclerotium hydrophilum ,Podredumbre del tallo
Scolypopa australis,
Scolytus amygdali,
Scolytus intricatus,
Scolytus multistriatus ,barrenillo del olmo
Scolytus rugulosus ,Taladrillo
Scolytus scolytus,
Scopogonalia subolivacea ,Chicharrita
Scutellonema brachyurus,
Scutobruchus ferocis,
Scutobruchus vinalicola,
Selenaspidus articulatus ,Escama parda 
Selenothrips rubrocinctus,
Selitrichoides globulus,
Senecio bonariensis ,Senecio
Senecio madagascariensis ,Senecio
Senecio pempeanus ,senecio
Senecio tweediei ,Senecio
Senecio vulgaris ,Senecio
Senna obtusifolia,
Senna occidentalis ,Cafecillo
Septobasidium pseudopedicellatum ,Afelpado de los cítricos
Septobasidium saccardinum,
Septoria ampelina,
Septoria centrophylli ,Mancha foliar
Septoria citri ,septoria 
Septoria gladioli,
Septoria glycines ,Mancha marrón de la hoja
Septoria helianthi ,Septoriosis 
Septoria lactucae ,mancha foliar de Septoria
Septoria lycopersici ,Viruela
Septoria macrostoma ,Septoriosis
Septoria petroselini ,viruela por Septoria en coriandro
Septoria pisi ,septoriosis
Septoria steviae,
Sericoides germaini,
Serpula lacrymans,
Serratia marcescens,
Setaria faberi,
Setaria parviflora ,Cola de zorro
Setaria pumila,
Setaria verticillata ,Pata de gallina
Setaria viridis ,Cola de zorro 
Setophoma terrestris ,Raíz rosada
Shallot latent virus ,SLV 
Sibovia sagata ,Chicharrita
Sicalis flaveola ,Jilguero
Sicalis luteola ,Misto
Sicyos angulatus,
Sida brazil virus,
Sida mosaic Bolivia virus 2,
Sida Mottle Virus ,SiMoV
Sida rhombifolia ,Escoba dura
Sida spinosa ,Escoba dura
Silene gallica ,Calabacita
Sinapis arvensis,
Sinoxylon perforans,
Sinoxylon sexdentatum ,Carcoma de la vid
Sinoxylon spp.,
Sipha flava ,Pulgón amarillo de la Caña de azúcar
Sipha maydis ,Pulgón negro de los cereales
Siphoninus phillyreae ,Mosca blanca de los fresnos
Sirex noctilio ,Avispa barrenadora de los pinos
Sisymbrium irio ,Nabillo 
Sisymbrium officinale ,Yerba de San Alberto 
Sisymbrium thellungii,
Sitobion avenae ,Pulgón del trigo
Sitophilus granarius ,Gorgojo del trigo
Sitophilus oryzae ,Gorgojo del arroz
Sitophilus zeamais ,Gorgojo del maíz
Sitotroga cerealella ,Palomita de los cereales
Sogatella unidentata,
Soil-borne wheat mosaic virus,
Solanum elaeagnifolium ,Revientacaballos 
Solanum mosaic Bolivia virus,
Solanum ptycanthum,
Solanum sisymbriifolium ,Espina colorada 
Solenopsis geminata ,Hormiga de fuego tropical asiática
Solenopsis invicta ,Hormiga roja de fuego  
Solidago chilensis ,rama de oro
Sonchus asper ,Cerraja brava
Sonchus oleraceus ,Cerraja 
Sonesimia grossa ,Chicharrita
Sophronica ventralis,
Sorghum halepense ,Sorgo de alepo
Southern bean mosaic virus,
Sowbane mosaic virus ,Virus del mosaico de las chenopodiáceas
Soybean blistering mosaic virus ,SBMV
Soybean mosaic virus ,SMV 
Soybean stunt virus ,SSV
Sparganothis pilleriana ,Piral de la vid
Specularius impressithorax,
Spegazzinia tessarthra,
Sphaceloma arachidis ,Sarna del maní 
Sphaceloma fawcettii var. scabiosa,
Sphacelotheca destruens ,Carbon de la panoja del mijo
Sphacelotheca reiliana,
Sphaeralcea bonariensis,
Sphaeropsis sapinea ,Muerte apical 
Sphaerulina musiva ,Cancrosis
Sphaerulina oryzina ,Mancha castaña angosta
Sphaerulina paulistana,
Sphaerulina rehmiana ,Viruela
Sphaerulina rubi,
Sphenoclea zeylanica,
Spilonota ocellana,
Spilosoma virginica ,Gata peluda norteamericana 
Spintherophyta semiaurata,
Spinulospora pucciniiphila,
Spiroplasma citri ,Mal de stubborn 
Spiroplasma kunkelii ,Achaparramiento del maíz
Spixia spixii,
Spodoptera albula ,Gusano cortador
Spodoptera cosmioides ,Oruga del Yuyo Colorado 
Spodoptera dolichos,
Spodoptera eridania ,Oruga militar del sur
Spodoptera exempta,
Spodoptera exigua,
Spodoptera frugiperda ,Oruga militar tardía
Spodoptera latifascia ,gusano cortador
Spodoptera littoralis,
Spodoptera litura,
Spodoptera ochrea,
Spodoptera ornithogalli ,Oruga del yuyo colorado
Spodoptera praefica,
Spongospora subterranea,
Spongospora subterranea f. sp. subterranea,
Sporidesmium coronatum,
Sporidesmium macrurum,
Sporisorium cruentum,
Sporisorium scitamineum ,Carbon
Sporisorium sorghi,
Sporothrix narcissi,
Squash mosaic virus,
Stachybotrys microspora,
Stachybotrys palmicola,
Stachytarpheta cayennensis,
Stachytarpheta jamaicensis,
Stachytarpheta jamaiscensis,
Stagonospora sacchari ,Chamuscado de la hoja
Stathmopoda auriferella,
Stathmopoda plumbiflua,
Stathmopoda skelloni,
Stegobium paniceum ,Carcoma del pan
Stellaria media ,Capiquí 
Stemphylium botryosum,
Stemphylium lycopersici ,Mancha gris
Stemphylium sarciniforme,
Stemphylium solani ,Tizón foliar
Steneotarsonemus spinki,
Stenocarpella macrospora,
Stenocarpella maydis ,Podredumbre basal del tallo
Stenodiplosis sorghicola ,Mosquita del sorgo
Stenodontes spinibarbis ,Taladro 
Stenoma catenifer ,Barrenador del palto
Sternechus subsignatus ,Picudo de la soja 
Sternochetus mangiferae,
Stictis radiata,
Stigmina carpophila ,Cribado 
Stilbella minutissima,
Stipa brachychaeta ,Pasto puna 
Strasseria geniculata,
Strawberry crinkle virus ,SCV 
Strawberry latent ringspot virus ,SLRSV
Strawberry mild yellow edge virus ,SMYEV
Strawberry mottle virus ,Virus del moteado de la frutilla 
Strawberry vein banding virus,
Streptomyces scabiei ,Sarna común 
Striga spp.,
Stromatinia cepivora ,Podredumbre blanca
Stromatinia gladioli,
Strongylaspis limae,
Sugarcane bacilliform virus,
Sugarcane chlorotic streak virus,
Sugarcane mosaic virus ,SCMV 
Sugarcane sereh agent,
Sugarcane striate mosaic-associated virus,
Sugarcane yellow leaf virus ,ScYLV 
Sunflower chlorotic mottle virus ,SuCMoV 
Sunflower mild mosaic virus ,SuMMoV 
Sunflower ring blotch virus ,Anillos irregulares del girasol
Sunn-hemp mosaic virus,
Sydowia polyspora,
Symmetrischema tangolias,
Synanthedon myopaeformis,
Synanthedon tipuliformis ,sesia del grosellero
Syncharina lineiceps,
Synchytrium endobioticum,
Synchytrium vaccinii,
Synedrellopsis grisebachii ,Sinedrellopsis
Syntermes molestus,
Systena argentinensis,
Taeniatherum caput-medusae,
Taeniothrips inconsequens ,Trips del peral
Tagetes minuta ,Chinchilla 
Tagosodes orizicolus ,cigarrita del arroz
Takecallis arundinariae,
Takecallis taiwanes,
Tapajosa rubromarginata,
Taphrina deformans ,Torque del duraznero
Taphrina populina,
Taraxacum officinale ,Diente de León 
Targionia vitis,
Tarsonemus ananas,
Tarsonemus bilobatus,
Tarsonemus cuttacki,
Tatochila autodice autodice ,Isoca de las coles
Tatochila mercedis mercedis ,Isoca de las coles
Taxonus glabratus,
Taygetis ypthima,
Tecia solanivora ,Polilla Guatemalteca de la papa
Tegolophus brunneus ,Acaro marrón de los cítricos
Telenomus remus,
Tenebrio molitor ,Gusano amarillo 
Tenebrio obscurus ,Gusano oscuro 
Tenebroides mauritanicus,
Teratosphaeria epicoccoides ,Viruela del eucalipto
Teratosphaeria gauchensis ,Cancro
Teratosphaeria pseudoeucalypti ,Mancha amarilla
Tessaratoma papillosa,
Tetraleurodes mori,
Tetraneura nigriabdominalis,
Tetranychus andrei,
Tetranychus canadensis,
Tetranychus cinnabarinus ,Araña roja 
Tetranychus desertorum ,Arañuela roja de la alfalfa 
Tetranychus evansi ,Acaro rojo
Tetranychus kanzawai,
Tetranychus mcdanieli,
Tetranychus mexicanus ,Arañita mexicana
Tetranychus neocaledonicus,
Tetranychus pacificus,
Tetranychus turkestani,
Tetranychus urticae ,Arañuela roja común 
Tetranychus viennensis,
Tetranycopsis horridus,
Tetropium castaneum,
Thalia multiflora ,Pehuajó
Thanatopsyche chilensis ,Bicho cesto
Thaumastocoris peregrinus ,Chinche del eucalipto
Thaumatotibia leucotreta,
Thaumetopoea pityocampa,
Thaumetopoea processionea,
Thaxteriella pezizula,
Theba pisana ,Caracol de las dunas 
Thecaphora frezii ,Carbon del maní
Thecaphora solani,
Thecla basalides ,broca do abacaxi 
Therioaphis maculata ,Pugon moteado
Therioaphis riehmi,
Therioaphis trifolii ,Pulgon manchado
Thielaviopsis basicola ,Enfermedad de las raíces pardas
Thlaspi arvense,
Thomasiniana oleisuga,
Thorictodes heydeni,
Thrips angusticeps,
Thrips hawaiiensis,
Thrips major,
Thrips meridionalis,
Thrips obscuratus,
Thrips palmi ,Trips del melón 
Thrips tabaci ,Trips de la cebolla 
Thyanta aeruginosa,
Thyanta patruelis,
Thyas juno,
Thysanoplusia orichalcea,
Tibraca limbativentris ,Chinche del tallo
Tilletia barclayana ,Carbón del grano
Tilletia caries ,Carbón cubierto
Tilletia controversa,
Tilletia indica,
Tilletia intermedia,
Tilletia laevis ,Carbón cubierto
Titya proxima,
Tobacco mosaic virus ,TMV 
Tobacco necrosis virus ,TNV
Tobacco rattle virus ,TRV
Tobacco ringspot virus,
Tobacco streak virus ,TSV 
Tobacco streak virus potato strain,
Tolype incerta,
Tomato black ring virus,
Tomato chlorosis virus ,ToCV
Tomato Chlorotic Spot Virus ,TCSV 
Tomato dwarf leaf virus,
Tomato infectious chlorosis virus ,TICV
Tomato mosaic virus ,ToMV 
Tomato ringspot virus,
Tomato spotted wilt virus ,TSWV 
Tomato yellow spot virus,
Tomato yellow vein streak virus ,ToYVSV
Tomato zonate spot virus ,TZSV
Torneutes pallidipennis,
Tortrix viridana,
Toxoptera aurantii ,Pulgón pardo 
Toxoptera citricidus ,Pulgón negro de los citrus 
Toxotrypana curvicauda,
Trachyderes striatus ,Taladro
Trachyderes succinctus ,Taladro del ramo
Trachyderes thoracicus ,Taladro del tronco
Trachymela sloanei,
Trachymela tincticollis,
Trametes trogii ,Pudrición blanca
Trametes versicolor,
Tranzschelia pruni-spinosae ,Roya
Tranzscheliella hypodytes ,Carbon del tallo de las gramineas
Tremex fuscicornis ,Avispa taladradora de las latifoliadas
Tremex spp. ,excepto T. fuscicornis
Trialeurodes vaporariorum ,Mosca blanca de los invernáculos 
Trianthema portulacastrum ,Verdolaga negra
Tribolium castaneum ,Tribolio castaño
Tribolium confusum ,Tribolio confuso
Tribulus terrestris ,Roseta francesa 
Trichaptum fumosoavellaneum ,Podredumbre blanca
Trichoconiella padwicki ,alternaria mancha foliar
Trichoderma harzianum,
Trichoderma viride,
Trichodorus viruliferus,
Trichonaupactus densius,
Trichoplusia ni ,Falsa medidora 
Trichothecium roseum ,Podredumbre 
Tricolus perdiligens,
Tricolus subincisuralis,
Trioza chenopodii ,Triózido de la quinua
Trioza erytreae ,Sílido africano de los cítricos 
Tripseuxoa strigata,
Triticum mosaic virus ,TriMV
Trogoderma angustum,
Trogoderma anthrenoides,
Trogoderma granarium,
Trogoderma inclusum,
Trogoderma spp.,
Trogoderma variabile,
Trogoxylon giacobbii,
Tropicoporus linteus ,Tropicoporus en quebracho blanco
Tuberculatus annulatus,
Tuberculatus querceus,
Tuberolachnus salignus ,Pulgón grande del sauce
Tuckerella flabellifera,
Tuerta platensis,
Tulip breaking virus ,TBV
Tulip mosaic virus,
Tulip virus X ,TVX
Turnip mosaic virus ,TuMV 
Turnip vein clearing virus ,TVCV
Tuta absoluta ,Polilla del tomate
Tydeus californicus,
Tylauchenia crassicollis,
Tylenchocriconema alleni,
Tylenchorhynchus acti,
Tylenchorhynchus annulatus,
Tylenchorhynchus brevidens,
Tylenchorhynchus claytoni,
Tylenchorhynchus cylindricus,
Tylenchorhynchus dubius,
Tylenchulus semipenetrans ,Nematodo de las raicillas de los citrus
Typhaea stercorea,
Tyrophagus neiswanderi,
Tyrophagus putrescentiae,
Unaspis citri ,Cochinilla blanca del tronco 
Urocerus gigas ,Avispa taladradora de la madera
Urochloa glumeris,
Urochloa plantaginea,
Urocystis cepulae,
Uroleucon jaceae ,Pulgón negro
Uroleucon sonchi ,pulgón de la radicha
Uromyces appendiculatus ,Roya
Uromyces ciceris-arietini,
Uromyces dactylidis ,Roya
Uromyces dianthi,
Uromyces fallens,
Uromyces pisi-sativi ,Roya
Uromyces striatus ,Roya
Uromyces trifolii,
Uromyces viciae-fabae,
Ustilaginoidea virens ,Falso carbón
Ustilago agrestis,
Ustilago avenae ,Carbón desnudo 
Ustilago bullata ,Carbón volador de la Cebadilla
Ustilago hordei ,Carbón cubierto de la Cebada
Ustilago maydis ,Carbón
Ustilago nuda ,Carbón volador 
Valsa sordida,
Vanakripa fasciata,
Vararia tropica,
Venturia carpophila,
Venturia inaequalis ,Sarna del manzano
Venturia pyrina ,Sarna del peral
Verbena litoralis ,Verbena 
Verbesina encelioides ,Flor de Santa María 
Veronica persica ,Verónica  
Verticillium albo-atrum ,Verticiliosis
Verticillium dahliae ,Marchitamiento y muerte 
Vesperus luridus,
Vesperus xatarti,
Vicia graminea,
Vicia sativa ,Arvejilla común 
Viola arvensis ,Trinitaria 
Virgaria nigra,
Viscum album,
Vitacea polistiformis,
Viteus vitifoliae ,Filoxera de la vid 
Waitea circinata ,manchado de las vainas foliares de arroz
Wallengrenia premnas ,Rojiza
Walnut witches broom phytoplasma,
Watermelon mosaic virus,
Wheat mosaic virus ,WMoV
Wheat Streak Mosaic Virus ,WSMV 
Wheat yellow mosaic virus,
Wojnowicia hirta,
X-disease MLO,
Xanthium cavanillesii ,Abrojo grande 
Xanthium spinosum ,Abrojo chico 
Xanthomonas albilineans ,Escaldadura de la hoja
Xanthomonas alfalfae subsp. citrumelonis ,Cancrosis E
Xanthomonas arboricola pv. juglandis ,bacteriosis del nogal 
Xanthomonas arboricola pv. pruni ,Cancrosis bacteriana del ciruelo
Xanthomonas axonopodis pv. cassiae,
Xanthomonas axonopodis pv. cyamopsidis,
Xanthomonas axonopodis pv. dieffenbachiae,
Xanthomonas axonopodis pv. glycines ,Pústula bacteriana
Xanthomonas axonopodis pv. malvacearum ,Mancha angular del algodonero
Xanthomonas axonopodis pv. phaseoli ,bacteriosis común
Xanthomonas axonopodis pv. vasculorum,
Xanthomonas axonopodis pv. vignicola,
Xanthomonas axonopodis pv. vitians ,mancha bacteriana
Xanthomonas axonopodis pv.allii,
Xanthomonas campestris pv. campestris ,Podredumbre negra de las crucíferas 
Xanthomonas campestris pv. gummisudans,
Xanthomonas campestris pv. vesicatoria ,Mancha bacteriana
Xanthomonas citri subsp. citri ,Cancrosis de los citricos
Xanthomonas cucurbitae ,Bacteriosis de las cucurbitaceas
Xanthomonas fragariae ,Mancha angular de la hoja
Xanthomonas fuscans subsp. aurantifolii,
Xanthomonas hortorum pv. carotae,
Xanthomonas oryzae pv. oryzae,
Xanthomonas oryzae pv. oryzicola,
Xanthomonas populi,
Xanthomonas translucens pv. translucens ,Rayado bacteriano
Xanthomonas translucens pv. undulosa ,Estriado bacteriano
Xanthomonas vasicola pv. holcicola,
Xenogenus picturatum,
Xenosporium berkeleyi,
Xerophloea viridis,
Xestia c-nigrum,
Xiphidorus yepesara,
Xiphinema americanum ,Nematodo daga
Xiphinema brevicolle,
Xiphinema diversicaudatum,
Xiphinema index ,Nematodo de la vid
Xiphinema italiae,
Xiphinema krugi,
Xiphinema rivesi ,nematodo daga
Xiphinema surinamensis,
Xiphinema vuittenezi,
Xuloprista hexacanta,
Xyleborinus saxesenii,
Xyleborus affinis,
Xyleborus ferrugineus,
Xyleborus gracilis,
Xyleborus hagedorni,
Xyleborus linearicolis,
Xyleborus neivai,
Xyleborus obliquus,
Xyleborus spinosulus,
Xylella fastidiosa subsp. fastidiosa,
Xylella fastidiosa subsp. multiplex,
Xylella fastidiosa subsp. pauca ,Clorosis variegada de los citricos 
Xylella fastidiosa subsp. sandyi,
Xylella fastidiosa subsp. tashke,
Xyletinus brasiliensis var argentina,
Xylopertha retusa,
Xylophilus ampelinus,
Xylosandrus crassiusculus,
Xylosandrus germanus,
Xylotrupes gideon,
Zabrotes subfasciatus ,Gorgojo pinto del Frijol 
Zaprionus indianus ,mosca
Zenaida auriculata ,Torcaza
Zeuzera pyrina,
Zonotrichia capensis ,Chingolo
Zucchini green mottle mosaic virus ,ZGMMV0
Zucchini mosaic virus ,ZYMV
Zucchini yellow mosaic virus ,ZYMV
Zulia entrerriana ,Chicharrita 
Zygina nivea,
Zygosaccharomyces bailii,
Zygotylenchus guevarai,
